7.794273070060073749e-01,2.573052729095505198e-01,1.000000000000000000e+00
7.770050070876928228e-01,1.591540218281428665e-02,1.000000000000000000e+00
9.770922527691576764e-01,3.042096243077454520e-01,1.000000000000000000e+00
4.303189802502183081e-02,1.408992992910701458e-01,0.000000000000000000e+00
7.604333695173195462e-01,1.931229616476861644e-01,1.000000000000000000e+00
7.960635810800943402e-01,4.056024475111741356e-02,1.000000000000000000e+00
9.033203869619387261e-01,1.702354815961030221e-01,1.000000000000000000e+00
9.811883772539897741e-01,9.101582432325616701e-02,1.000000000000000000e+00
4.071935432089720530e-01,4.653792700432930474e-01,0.000000000000000000e+00
7.909002201251322806e-01,2.919751982926921396e-01,0.000000000000000000e+00
7.446064016998059643e-01,5.132770284718501941e-02,1.000000000000000000e+00
7.042461158640657137e-01,1.394273613653408406e-01,1.000000000000000000e+00
4.865582205469459742e-01,9.010119300570373913e-02,1.000000000000000000e+00
8.701970321387311191e-01,8.050272772245936626e-02,1.000000000000000000e+00
4.879966442954459804e-01,7.545720501665664770e-02,1.000000000000000000e+00
8.060522484016316991e-01,1.850766300408489551e-01,1.000000000000000000e+00
9.600083993682373418e-01,2.149631362248547450e-01,1.000000000000000000e+00
9.130105188097780156e-01,1.576653469122522022e-01,1.000000000000000000e+00
8.514109343494871140e-01,5.488048304574300040e-02,1.000000000000000000e+00
8.016800422864099884e-01,1.389441554585827410e-01,1.000000000000000000e+00
4.071895284437041518e-01,1.078179419907782099e-01,0.000000000000000000e+00
8.684690883624507363e-01,5.559356108544342145e-01,0.000000000000000000e+00
9.564287830591289286e-01,3.258165927622279634e-01,1.000000000000000000e+00
9.724090544509322864e-01,2.631881391699116834e-01,1.000000000000000000e+00
6.655250261997854855e-01,1.450440447360751284e-01,1.000000000000000000e+00
8.430752613377968663e-01,1.301384748928893220e-01,1.000000000000000000e+00
8.130017773953679416e-02,8.512744986139125780e-01,0.000000000000000000e+00
6.558489629212899130e-01,6.880296605891844663e-02,1.000000000000000000e+00
1.386149825650523359e-01,7.338945572324151456e-02,0.000000000000000000e+00
2.130577449890895814e-01,4.831839893266828279e-01,0.000000000000000000e+00
5.977985194723768325e-01,6.595108046497288878e-02,1.000000000000000000e+00
8.818871835271361315e-01,2.525564847184615935e-01,1.000000000000000000e+00
6.332869896013680888e-01,6.237308774101332220e-01,0.000000000000000000e+00
6.200292279292292097e-01,5.227918699700750960e-02,1.000000000000000000e+00
9.728988650826461138e-01,5.594825458764929316e-02,1.000000000000000000e+00
7.796121679349787836e-01,1.162423823145534163e-01,1.000000000000000000e+00
7.142625623058267426e-01,5.945246402756887427e-02,1.000000000000000000e+00
7.462949234220196404e-01,2.155740858085037903e-01,1.000000000000000000e+00
9.825064946986181713e-01,1.967333801524406844e-01,1.000000000000000000e+00
4.874935466645535787e-01,9.700897806389516820e-01,0.000000000000000000e+00
7.783945672990550957e-01,9.121032765466252634e-02,1.000000000000000000e+00
9.727951417449234306e-01,3.270392145911129589e-01,1.000000000000000000e+00
4.313485459599546434e-01,8.165332719298629138e-01,0.000000000000000000e+00
9.172693784076625390e-01,2.584211890330088135e-01,1.000000000000000000e+00
3.343397987305785080e-01,7.921084238503470765e-01,0.000000000000000000e+00
7.639171298479234817e-01,7.965128981349990367e-01,0.000000000000000000e+00
6.368938539969134505e-01,1.126185404918964572e-01,1.000000000000000000e+00
8.178193322202296223e-01,7.808545746959183464e-02,1.000000000000000000e+00
8.971945924545094986e-01,8.997768379308768161e-02,1.000000000000000000e+00
9.488397943754841579e-01,1.421896621460141397e-01,1.000000000000000000e+00
7.938567991505594001e-01,2.044133286173555053e-01,1.000000000000000000e+00
9.591258337916274135e-01,8.128804743907447339e-02,1.000000000000000000e+00
8.774189958666698264e-01,7.887484758303459076e-01,0.000000000000000000e+00
5.562937981900862860e-01,7.888485824694144721e-01,0.000000000000000000e+00
7.632266972834252927e-01,2.557025401933938902e-01,1.000000000000000000e+00
9.430455378045999870e-01,2.579942706892662807e-01,1.000000000000000000e+00
6.066997570390523231e-01,1.164619157952808681e-01,1.000000000000000000e+00
2.369331212855236846e-01,4.028730403938257654e-01,0.000000000000000000e+00
4.946259720316315001e-02,4.263192815259335688e-01,0.000000000000000000e+00
5.543488422387922165e-01,1.505842629133554711e-01,0.000000000000000000e+00
5.319690354959127898e-01,2.206453907874537101e-01,0.000000000000000000e+00
8.015559340069673411e-01,6.619001033317750693e-01,0.000000000000000000e+00
7.450064277247008260e-01,5.309255622901283278e-01,0.000000000000000000e+00
9.553740864181875514e-01,8.475051353911844387e-02,1.000000000000000000e+00
8.761564133557674383e-01,1.835321683890959177e-01,1.000000000000000000e+00
7.368926814010732240e-01,4.945713385500738468e-02,1.000000000000000000e+00
6.030489486642136576e-01,8.364621446087283640e-02,1.000000000000000000e+00
5.598306464935955962e-01,2.822070406669021647e-01,0.000000000000000000e+00
7.738814331733210317e-01,1.423615681380013820e-01,1.000000000000000000e+00
7.333837512014481641e-01,1.624033710542436282e-01,1.000000000000000000e+00
9.438566593654654779e-01,1.426853124217261071e-01,1.000000000000000000e+00
9.380742370442508582e-01,3.475002829204953958e-01,1.000000000000000000e+00
3.002519450424298020e-01,3.974244221036846714e-01,0.000000000000000000e+00
8.554403862207839992e-01,1.850814477427973337e-01,1.000000000000000000e+00
1.516762358049693615e-01,6.169888471761572069e-01,0.000000000000000000e+00
9.687923782061748090e-01,2.233363844932629849e-01,1.000000000000000000e+00
8.548476289455563260e-01,2.413151860896900480e-01,1.000000000000000000e+00
2.948621028022498924e-01,4.877252819061638212e-01,0.000000000000000000e+00
9.969673022362797177e-01,1.192295159432468221e-01,1.000000000000000000e+00
9.574944521212482851e-01,1.310886301484827099e-01,1.000000000000000000e+00
7.275273569933465856e-01,1.259666209078551535e-01,1.000000000000000000e+00
5.028661776744702827e-02,9.749368150656355647e-01,0.000000000000000000e+00
9.830428240539459406e-01,1.128798913907210766e-01,1.000000000000000000e+00
7.004548137286736864e-01,1.149787844460083974e-01,1.000000000000000000e+00
9.714214162132697172e-01,8.901375809491707258e-02,1.000000000000000000e+00
1.423021274111750945e-01,6.310187524755018762e-01,0.000000000000000000e+00
5.821328241484108323e-01,1.132236877111909568e-01,1.000000000000000000e+00
7.797638635320377487e-01,6.143054899176103589e-03,1.000000000000000000e+00
2.282196828149419821e-01,8.305675123705565932e-01,0.000000000000000000e+00
9.840686692506693811e-01,1.302258540406131537e-02,1.000000000000000000e+00
5.525556821195423129e-01,9.350582276292473960e-02,1.000000000000000000e+00
9.156076167021134360e-01,1.215466399522806551e-01,1.000000000000000000e+00
8.517267625241294882e-01,4.872184331152275005e-01,0.000000000000000000e+00
6.125544546984686978e-01,5.661896948925826401e-02,1.000000000000000000e+00
5.537047026820914875e-01,1.311370794799862072e-01,1.000000000000000000e+00
6.994716547661561368e-02,8.502685169412038668e-01,0.000000000000000000e+00
4.999742522478469731e-01,1.043756946714378131e-01,0.000000000000000000e+00
6.919584270487690869e-01,2.028995955176913224e-01,1.000000000000000000e+00
6.817011526774741093e-01,1.154453007004343501e-01,1.000000000000000000e+00
6.384977370834491461e-01,1.158315745051071710e-01,1.000000000000000000e+00
7.442563411655144234e-01,4.699499816435142030e-01,0.000000000000000000e+00
5.510048027991059083e-01,5.123502900293424034e-01,0.000000000000000000e+00
7.274475795951035328e-01,3.406672041322456046e-02,1.000000000000000000e+00
7.114131529549810873e-01,1.514290737235854944e-01,1.000000000000000000e+00
8.053405187013247257e-01,4.716278409934804294e-02,1.000000000000000000e+00
5.154909873888094962e-01,2.868047206622843515e-01,0.000000000000000000e+00
3.627853616604790332e-01,8.348731822602003527e-01,0.000000000000000000e+00
8.331675946327102844e-01,2.713186453558547040e-02,1.000000000000000000e+00
8.825669022831588162e-01,3.237768228858278752e-01,1.000000000000000000e+00
4.980898494723697834e-01,2.861847151401386569e-02,1.000000000000000000e+00
9.401499773339854205e-01,2.045268567443763175e-01,1.000000000000000000e+00
8.228721625230142056e-01,2.824021468573528759e-01,1.000000000000000000e+00
8.169184350944458384e-01,5.293160633047101493e-01,0.000000000000000000e+00
8.432447490898719034e-01,1.468471578994493543e-01,1.000000000000000000e+00
8.404596968767525933e-01,4.828860870982855102e-01,0.000000000000000000e+00
8.313064325454604386e-01,2.640731451050664091e-01,1.000000000000000000e+00
2.003959592646160637e-01,5.634920120926845133e-01,0.000000000000000000e+00
6.441239720031958216e-01,1.361957139652751891e-01,1.000000000000000000e+00
6.056738855007509637e-01,1.352327824233847675e-01,1.000000000000000000e+00
8.876686360704696410e-01,1.944869799016067935e-01,1.000000000000000000e+00
8.902786484112068521e-01,1.912248666550186993e-02,1.000000000000000000e+00
7.318261919793046522e-01,3.985476484552074039e-01,0.000000000000000000e+00
6.032680398630508867e-01,7.524136749449449324e-01,0.000000000000000000e+00
8.740914326529213296e-01,5.852016196845588603e-02,1.000000000000000000e+00
2.233398038669540675e-01,7.875690086163800174e-02,0.000000000000000000e+00
9.363556932954104628e-01,2.004153949273058677e-01,1.000000000000000000e+00
6.498791909280030588e-01,5.071125168870205258e-03,1.000000000000000000e+00
6.637903957608535244e-01,1.302005460003974324e-01,1.000000000000000000e+00
4.312743430032640601e-01,3.203806494845840014e-02,1.000000000000000000e+00
1.242382602351129739e-01,6.176074151520434263e-01,0.000000000000000000e+00
4.781526919395943098e-01,7.200173760285569768e-01,0.000000000000000000e+00
9.099789808382512390e-01,1.072071300480258449e-01,1.000000000000000000e+00
8.293021742280279884e-01,2.416816696251272711e-01,1.000000000000000000e+00
8.939856478834429243e-01,1.865825646827722339e-01,1.000000000000000000e+00
5.511027205362331038e-01,2.196582087097875835e-02,1.000000000000000000e+00
7.320753471389297440e-01,1.597766093770088824e-01,1.000000000000000000e+00
3.787382118437609968e-01,7.365874950232615959e-01,0.000000000000000000e+00
4.063376291040076138e-01,3.627350343259094778e-02,1.000000000000000000e+00
8.413173163586448178e-01,1.411498360324059398e-03,1.000000000000000000e+00
9.029081519262617261e-01,9.575299346482379903e-02,1.000000000000000000e+00
8.298456469962369741e-01,2.811912057705668877e-01,1.000000000000000000e+00
7.139577211266666668e-01,9.313376270464102102e-02,1.000000000000000000e+00
8.270177035627300777e-01,1.289848800108162052e-02,1.000000000000000000e+00
7.387611555284553377e-01,1.206546311135636707e-01,1.000000000000000000e+00
7.491392840901819339e-01,2.425811711907721602e-02,1.000000000000000000e+00
8.743087910672004970e-01,8.299978542898406308e-01,0.000000000000000000e+00
6.968591145702309753e-01,1.308690580180418284e-01,1.000000000000000000e+00
5.640157802895399142e-01,2.646565275063572642e-03,1.000000000000000000e+00
3.617993798728657007e-01,2.949907240145646092e-01,0.000000000000000000e+00
6.801277051164583698e-01,7.250936971462209613e-01,0.000000000000000000e+00
6.783575617497117349e-02,2.425292273257075859e-01,0.000000000000000000e+00
1.885228787997162980e-01,7.458738512186413594e-01,0.000000000000000000e+00
9.563096413266730655e-01,3.727851819514127474e-01,1.000000000000000000e+00
2.353644695617983507e-01,8.167150860903577003e-01,0.000000000000000000e+00
5.449830281597968229e-01,4.438013484861524915e-02,1.000000000000000000e+00
5.833032083117946076e-01,1.380973173269063325e-01,1.000000000000000000e+00
7.628142427718956897e-01,1.325817788024235000e-01,1.000000000000000000e+00
2.864454326498699910e-01,8.547663713926922924e-02,0.000000000000000000e+00
7.100587863397160859e-01,3.235526917126807511e-01,0.000000000000000000e+00
7.706338633540005256e-01,8.551893129698939777e-02,1.000000000000000000e+00
6.911717522992205653e-01,6.851123398264605813e-01,0.000000000000000000e+00
8.725671640991008449e-01,4.840934826599281315e-01,0.000000000000000000e+00
4.282276557571446096e-01,6.363109200958245726e-01,0.000000000000000000e+00
1.856602144326764403e-01,2.528667789990302062e-01,0.000000000000000000e+00
1.040380133157945419e-01,9.609461865291846205e-01,0.000000000000000000e+00
9.526300269113123775e-01,3.375651821889266158e-01,1.000000000000000000e+00
9.100181139845897604e-01,8.435603958370152533e-02,1.000000000000000000e+00
8.857637494380131704e-01,6.650008488896403946e-01,0.000000000000000000e+00
6.854436273416838477e-01,1.964447108192191038e-02,1.000000000000000000e+00
4.540905512851802772e-01,9.376480064759887822e-01,0.000000000000000000e+00
7.840443794718945369e-01,1.604941529205241579e-01,1.000000000000000000e+00
5.755292937844869172e-01,1.662160225214605047e-01,0.000000000000000000e+00
3.619937559735191268e-01,5.451370947418515689e-01,0.000000000000000000e+00
8.817797337077963871e-01,8.040042006433611999e-02,1.000000000000000000e+00
6.574092882437798657e-02,7.130239238910579536e-01,0.000000000000000000e+00
9.319259291708592574e-01,1.915382438674175791e-01,1.000000000000000000e+00
9.163035059519817338e-01,5.491591377704985177e-02,1.000000000000000000e+00
8.820678371559228514e-01,3.043786533548095141e-01,1.000000000000000000e+00
7.002467888320408340e-01,3.381058399771930123e-02,1.000000000000000000e+00
9.942241599478541803e-01,6.463484012570130943e-02,1.000000000000000000e+00
7.172194122356335688e-01,5.961968909282719942e-01,0.000000000000000000e+00
9.127497119514235147e-01,2.690070188327118306e-01,1.000000000000000000e+00
2.784349123266194326e-01,8.662999212805659877e-01,0.000000000000000000e+00
5.295099300051248070e-01,3.838769339167602546e-03,1.000000000000000000e+00
7.401024761279642039e-01,2.048264074183411276e-01,1.000000000000000000e+00
4.982121484030874736e-01,7.354609657653665700e-02,1.000000000000000000e+00
4.053347452293958320e-01,7.133937812858133221e-01,0.000000000000000000e+00
9.787011106095147017e-01,1.430014423766557963e-01,1.000000000000000000e+00
4.397498133588754188e-01,9.179601102283047043e-01,0.000000000000000000e+00
6.966058615133957632e-01,7.870947236206027320e-02,1.000000000000000000e+00
2.417305855229199274e-01,4.052628364904146130e-01,0.000000000000000000e+00
9.620212746968318518e-01,8.311361417761442549e-02,1.000000000000000000e+00
7.623221008366714013e-01,2.369586909786436379e-01,1.000000000000000000e+00
7.879028952541907715e-01,7.033220524335503931e-02,1.000000000000000000e+00
9.188361174768848727e-01,1.149043311451547478e-01,1.000000000000000000e+00
8.029524970712410559e-01,9.878177441861187846e-01,0.000000000000000000e+00
7.223982244541750086e-01,2.078980903489514587e-01,1.000000000000000000e+00
9.574952126969894506e-01,2.054947083873710501e-01,1.000000000000000000e+00
8.498697878427328156e-01,4.105428081369955073e-02,1.000000000000000000e+00
7.459403722587489849e-01,2.289852657636451960e-01,1.000000000000000000e+00
6.605929326254068590e-01,1.018193076536350050e-01,1.000000000000000000e+00
9.636785935641786205e-01,6.902776660606432246e-01,0.000000000000000000e+00
2.259809012393021455e-01,8.867495525019829516e-01,0.000000000000000000e+00
8.136220978795165593e-01,9.425010779341974620e-01,0.000000000000000000e+00
5.973571625361130399e-01,8.487258181600967344e-01,0.000000000000000000e+00
3.639955970741648450e-01,3.554085173818429810e-01,0.000000000000000000e+00
5.982385565526051607e-01,9.703258819278326452e-02,1.000000000000000000e+00
7.949313282951158133e-01,1.328425355920109796e-01,1.000000000000000000e+00
9.508011996922570708e-01,2.836632017621989466e-01,1.000000000000000000e+00
5.976536250199376843e-01,4.943276797380491416e-03,1.000000000000000000e+00
8.943209202406405822e-01,6.997131012490120927e-02,1.000000000000000000e+00
8.294477452347323032e-01,2.129106510525629048e-01,1.000000000000000000e+00
4.702572344498157086e-01,1.624092959167577899e-02,1.000000000000000000e+00
9.887566650094212761e-01,2.561079765304273836e-01,1.000000000000000000e+00
6.733898343376800710e-01,1.995356335010457505e-01,1.000000000000000000e+00
3.018186392858912548e-02,5.128298259340946519e-02,0.000000000000000000e+00
8.430803480798624294e-01,1.531571612313061825e-01,1.000000000000000000e+00
6.866649642346539517e-01,8.313141719375888306e-01,0.000000000000000000e+00
5.899056440346589492e-01,9.639367789743397141e-01,0.000000000000000000e+00
5.895287119951055921e-01,1.247485372355792155e-01,1.000000000000000000e+00
6.885831875284981196e-01,1.560408213479231865e-01,1.000000000000000000e+00
5.577090954093971709e-01,1.091127470489094975e-01,1.000000000000000000e+00
3.859483179635552208e-01,9.794964832923297449e-01,0.000000000000000000e+00
4.594819424037417388e-01,8.990371122846122498e-01,0.000000000000000000e+00
5.754063443256757227e-01,4.005479628285668614e-02,1.000000000000000000e+00
8.008381400536599415e-01,6.518608297097727711e-02,1.000000000000000000e+00
7.707671302231755561e-01,3.091126517120477146e-01,0.000000000000000000e+00
4.830574667446522197e-01,5.187398922931478751e-01,0.000000000000000000e+00
2.645994787372596413e-01,9.278371387032625650e-01,0.000000000000000000e+00
7.242899790757657552e-01,1.030447112897074913e-01,1.000000000000000000e+00
8.452406155321278147e-01,9.190961414668796792e-02,1.000000000000000000e+00
3.085075976896201055e-02,1.449652458224329754e-01,0.000000000000000000e+00
1.499870889623061698e-01,8.731749526761947156e-01,0.000000000000000000e+00
9.033407623306213274e-01,6.866447528272427991e-01,0.000000000000000000e+00
9.180118652964596171e-01,7.090350565881986533e-02,1.000000000000000000e+00
9.035041893264555979e-01,1.732681836553638943e-01,1.000000000000000000e+00
7.695416810520332440e-01,2.480375799219025623e-01,1.000000000000000000e+00
3.446047952188241448e-01,1.283186209394479027e-01,0.000000000000000000e+00
9.871180941705771650e-01,1.373796142131699094e-01,1.000000000000000000e+00
5.018961796830301303e-01,1.219086912811380152e-01,0.000000000000000000e+00
1.662259463663602332e-01,3.964152455042492251e-01,0.000000000000000000e+00
8.178633227904482661e-01,1.235303396051669056e-01,1.000000000000000000e+00
9.874513078299144153e-01,3.757810024101788660e-01,1.000000000000000000e+00
8.671981008986920925e-01,9.502910692588613095e-01,0.000000000000000000e+00
3.361948150985069050e-01,3.091178556190676829e-02,0.000000000000000000e+00
8.798985590979601090e-01,8.121008811104912795e-02,1.000000000000000000e+00
9.161530721854838077e-01,3.768062702860861535e-01,0.000000000000000000e+00
6.226637149444980146e-01,7.897683885629258604e-02,1.000000000000000000e+00
5.544076337638677021e-01,1.242094588004578615e-01,1.000000000000000000e+00
7.713735593151715975e-02,3.130356781735542659e-01,0.000000000000000000e+00
9.128031116055979055e-03,8.736536584635132829e-01,0.000000000000000000e+00
1.537996451920533580e-01,6.407825296625047073e-02,0.000000000000000000e+00
9.762082675123906483e-01,3.040241359443022207e-01,1.000000000000000000e+00
8.799651820806091429e-01,1.819854594667459358e-01,1.000000000000000000e+00
9.906391238552965106e-01,1.544797813346528992e-01,1.000000000000000000e+00
8.995263874773957724e-01,9.042825394760822810e-01,0.000000000000000000e+00
8.411119250727270291e-01,3.467954465558820143e-01,0.000000000000000000e+00
2.881247679843496057e-01,9.842714922538721156e-01,0.000000000000000000e+00
5.697397835036003277e-01,1.070478286793802303e-01,1.000000000000000000e+00
4.653556637540190444e-01,6.263842137270163590e-01,0.000000000000000000e+00
1.988470131061009782e-01,8.581890283009906417e-01,0.000000000000000000e+00
5.174665238293121305e-01,6.895076629346519326e-02,1.000000000000000000e+00
4.006736755444190168e-01,3.267343266344469033e-02,1.000000000000000000e+00
9.979461698501258526e-01,2.208855201008875779e-01,1.000000000000000000e+00
7.560595848684172893e-01,5.462658827084750923e-01,0.000000000000000000e+00
7.614029670301243335e-01,3.671136514418067431e-01,0.000000000000000000e+00
6.728313529237577306e-01,8.264355146133750551e-02,1.000000000000000000e+00
5.947320249744364462e-01,3.897219115175772908e-01,0.000000000000000000e+00
4.860643666859000289e-01,3.166237658551673828e-02,1.000000000000000000e+00
2.724021031897188028e-01,5.799328467294135869e-01,0.000000000000000000e+00
9.629005582734621038e-01,2.979164965208552784e-01,1.000000000000000000e+00
9.573484544045826050e-01,4.506018028052153346e-01,0.000000000000000000e+00
8.287960268372280837e-01,2.770003097162428984e-01,1.000000000000000000e+00
1.738845155356647521e-01,3.882280549879594256e-01,0.000000000000000000e+00
6.910606032777992791e-01,3.525672086205463573e-01,0.000000000000000000e+00
8.715175685378747650e-01,1.638989808592337116e-01,1.000000000000000000e+00
6.519108965552371515e-01,9.250761986626010458e-02,1.000000000000000000e+00
7.033119276253193553e-01,8.128743028706064688e-02,1.000000000000000000e+00
9.006015439703110026e-01,1.279502751863966781e-01,1.000000000000000000e+00
6.751810755727816193e-02,5.888595552358262264e-01,0.000000000000000000e+00
9.917936014107702203e-01,3.293856898735200156e-01,1.000000000000000000e+00
8.302668016218953673e-01,9.086387426034560066e-01,0.000000000000000000e+00
8.934892064271265921e-01,1.112085695399791518e-01,1.000000000000000000e+00
7.266383136039000767e-01,1.567275126543965502e-02,1.000000000000000000e+00
3.823693761974475969e-01,1.967495224526438768e-03,1.000000000000000000e+00
5.540420343638480238e-01,8.709551432955713324e-01,0.000000000000000000e+00
2.929290862691606989e-01,2.774131630312147712e-01,0.000000000000000000e+00
8.857443495425098012e-01,2.260671643951417398e-02,1.000000000000000000e+00
7.040321355773606626e-01,7.253939960347854932e-02,1.000000000000000000e+00
9.386521082941646776e-01,1.231066101563527138e-01,1.000000000000000000e+00
7.641861441287491896e-01,5.925107381927025019e-01,0.000000000000000000e+00
6.821305518334375151e-02,3.837092335556424594e-01,0.000000000000000000e+00
7.382030957598629817e-01,1.063375444557613791e-01,1.000000000000000000e+00
3.798304978759592387e-02,8.727695664026132727e-01,0.000000000000000000e+00
4.294665895245225462e-01,6.148114473605394981e-01,0.000000000000000000e+00
9.916313477136974308e-01,9.298767549798625520e-02,1.000000000000000000e+00
6.186149647730267986e-01,1.932243758731733152e-02,1.000000000000000000e+00
4.783005862960992838e-01,7.797981955469235338e-02,1.000000000000000000e+00
8.616185076836314627e-01,1.582786342848691019e-01,1.000000000000000000e+00
9.859283072092891453e-01,2.237542306690187832e-01,1.000000000000000000e+00
6.738588212429451607e-01,1.174053315022914878e-01,1.000000000000000000e+00
5.213122126574637472e-01,9.713014138096409678e-01,0.000000000000000000e+00
9.235318758650621351e-01,2.013108855029990263e-01,1.000000000000000000e+00
8.554572153188758632e-01,3.667970862089731110e-02,1.000000000000000000e+00
9.360776836920225996e-01,1.480505943043618489e-01,1.000000000000000000e+00
7.180646866738364942e-01,3.647236467806741489e-01,0.000000000000000000e+00
3.552242003859176211e-01,1.231807704689891203e-02,1.000000000000000000e+00
5.207763200575402651e-01,1.715001990543625343e-01,0.000000000000000000e+00
4.683743956511859929e-01,8.758097637281858638e-03,1.000000000000000000e+00
6.945528589889976567e-01,2.729185456394456200e-01,0.000000000000000000e+00
8.121790091643903420e-01,8.529595643263698790e-02,1.000000000000000000e+00
5.035948288984228860e-01,3.259854636391646965e-01,0.000000000000000000e+00
7.178124731353843213e-01,3.702103670243173106e-02,1.000000000000000000e+00
9.004562988878888063e-01,6.782530813029152839e-01,0.000000000000000000e+00
6.041131860492310324e-02,3.966472799491639334e-01,0.000000000000000000e+00
5.411557096622092722e-01,4.879103356922720458e-02,1.000000000000000000e+00
7.961559248492288132e-01,5.763335605955881569e-01,0.000000000000000000e+00
5.874064918048969020e-01,3.545357686743859649e-01,0.000000000000000000e+00
9.392554636128590539e-01,1.611442769992236235e-01,1.000000000000000000e+00
6.208950855580351869e-01,1.350134056576721697e-01,1.000000000000000000e+00
6.110067455939079961e-01,1.848566131794249223e-02,1.000000000000000000e+00
5.530955680314628697e-01,7.010621533473304634e-02,1.000000000000000000e+00
7.939497837162147187e-01,9.333735598208936501e-01,0.000000000000000000e+00
5.258703085200984173e-01,2.431817627274379667e-02,1.000000000000000000e+00
9.778750368840203322e-01,2.291654632365022204e-01,1.000000000000000000e+00
4.563008325469750659e-01,2.091112559699737083e-02,1.000000000000000000e+00
2.033715230394926854e-01,6.288429056395588024e-01,0.000000000000000000e+00
4.394824643423699273e-01,5.103556081342841555e-02,1.000000000000000000e+00
8.804263339608853212e-01,2.517497180151462288e-01,1.000000000000000000e+00
7.717864750212678482e-01,6.541642201531028267e-01,0.000000000000000000e+00
4.717492975865594795e-01,6.401256707308872196e-01,0.000000000000000000e+00
7.640162792300151384e-01,1.206561197688699183e-01,1.000000000000000000e+00
8.557601596569596181e-01,2.902239021896292348e-01,1.000000000000000000e+00
8.735705500495479781e-01,9.697404403936290551e-01,0.000000000000000000e+00
8.217735897034362802e-01,1.501114786547483870e-01,1.000000000000000000e+00
9.763363251802830156e-01,1.514465815700386520e-01,1.000000000000000000e+00
7.779477488128889728e-01,2.369204468946345399e-01,1.000000000000000000e+00
6.281748771704853684e-02,5.105603411252782609e-01,0.000000000000000000e+00
7.652404426653079961e-01,1.156481588978828245e-01,1.000000000000000000e+00
7.000948285125925263e-01,1.008974802405149251e-01,1.000000000000000000e+00
9.862895226825567629e-01,9.132240530835801229e-01,0.000000000000000000e+00
8.639691795884107961e-01,1.295892065085276768e-01,1.000000000000000000e+00
9.673226910261434330e-01,6.798526681726979604e-03,1.000000000000000000e+00
9.660261351469652258e-01,5.970854537393233130e-02,1.000000000000000000e+00
8.280035740448208337e-01,1.870755277329253508e-01,1.000000000000000000e+00
8.826623429233538820e-01,2.939801689488508174e-02,1.000000000000000000e+00
9.703418202419203942e-01,3.109052680384677414e-01,1.000000000000000000e+00
7.961512226685412141e-01,5.221281112265380164e-01,0.000000000000000000e+00
9.016755262477507138e-01,1.607143628270251146e-01,1.000000000000000000e+00
6.591550103760072110e-01,9.374849573031269756e-01,0.000000000000000000e+00
5.139790247373030585e-01,6.973086753424347917e-01,0.000000000000000000e+00
6.821093982118768828e-01,2.825824814405333285e-01,0.000000000000000000e+00
3.127622123829000289e-01,2.429630344240680806e-01,0.000000000000000000e+00
5.660223868481534248e-01,2.268322616166889016e-01,0.000000000000000000e+00
8.934719597340868846e-01,3.816905470852705040e-01,0.000000000000000000e+00
1.390954941108635268e-02,7.263254861291312814e-01,0.000000000000000000e+00
4.824743717526692732e-01,3.532639964570912783e-01,0.000000000000000000e+00
8.750267912983656915e-01,8.411470942494617686e-01,0.000000000000000000e+00
5.759468647478357406e-01,3.713993517172320402e-02,1.000000000000000000e+00
8.757113409968421136e-01,4.918487595830242087e-01,0.000000000000000000e+00
9.307670679418614812e-01,2.757707772047277572e-01,1.000000000000000000e+00
4.405884629870325808e-01,9.865110528889116104e-01,0.000000000000000000e+00
1.758712072141199734e-02,2.026698397933405227e-01,0.000000000000000000e+00
6.653006911365418885e-01,1.045993103254502232e-01,1.000000000000000000e+00
9.808706754198515121e-01,3.980402969546414926e-02,1.000000000000000000e+00
7.650120991748904364e-01,2.181124585474215616e-01,1.000000000000000000e+00
9.414654743261050562e-01,7.112068056168407981e-02,1.000000000000000000e+00
8.142131952832643016e-01,2.732594992259502753e-01,1.000000000000000000e+00
5.899112145491831605e-01,1.090383218522583686e-02,1.000000000000000000e+00
5.959280779839065678e-01,2.819451448492571455e-02,1.000000000000000000e+00
1.159879223675402971e-01,4.153774918661312654e-01,0.000000000000000000e+00
3.028255302699633944e-02,6.076428793607139278e-01,0.000000000000000000e+00
2.340760298238808712e-01,9.009311718664801960e-01,0.000000000000000000e+00
6.730072705348368878e-01,7.251128218447359108e-01,0.000000000000000000e+00
6.921295644050442508e-01,2.374452677256280175e-01,0.000000000000000000e+00
4.313567194401152216e-01,2.544208258154614377e-01,0.000000000000000000e+00
8.850116699351169292e-01,2.999473672883731235e-01,1.000000000000000000e+00
1.225783540344510536e-01,8.074331992957661797e-02,0.000000000000000000e+00
9.043867825739658750e-01,2.131448303699474689e-01,1.000000000000000000e+00
5.360326900650497217e-01,8.623663390508462534e-03,1.000000000000000000e+00
6.324652797379338720e-01,3.560887697059667012e-02,1.000000000000000000e+00
9.640669753676154308e-01,4.693213390579931144e-02,1.000000000000000000e+00
9.284534674894465711e-01,7.065881620119687234e-01,0.000000000000000000e+00
5.851810223540359068e-01,9.106341229963178519e-01,0.000000000000000000e+00
2.947453633806741413e-01,1.880549202256129870e-01,0.000000000000000000e+00
9.945971369850700183e-01,3.000006550339813227e-01,1.000000000000000000e+00
8.775861951768529901e-01,1.239146509431732213e-01,1.000000000000000000e+00
4.053899761153526571e-01,6.282028117008747747e-01,0.000000000000000000e+00
7.774382590650615876e-01,2.127660395920849545e-02,1.000000000000000000e+00
9.673150181926352120e-01,2.167524097271629202e-01,1.000000000000000000e+00
9.216028654472406823e-01,2.050951398949811821e-01,1.000000000000000000e+00
8.612527453445294467e-01,1.890552019189134514e-01,1.000000000000000000e+00
9.191475428780546686e-01,2.470150285982801730e-01,1.000000000000000000e+00
2.578601894336681744e-01,1.405723685461989225e-01,0.000000000000000000e+00
7.520803299066725067e-01,6.410421171021496445e-02,1.000000000000000000e+00
9.386380368691867870e-01,8.868446320330314325e-02,1.000000000000000000e+00
8.195879343290838337e-01,2.768507913280190413e-01,1.000000000000000000e+00
6.110967866574615881e-01,7.431932843025679247e-02,1.000000000000000000e+00
4.890438965105863289e-01,8.018608329975240867e-02,1.000000000000000000e+00
6.010395924311094928e-01,8.522109688477530476e-02,1.000000000000000000e+00
3.032051159200026547e-01,3.155037598824396161e-01,0.000000000000000000e+00
8.761714057194579519e-01,8.519038891249197665e-02,1.000000000000000000e+00
7.034929115654064979e-01,2.140444124134244230e-01,1.000000000000000000e+00
5.703524152423633531e-01,1.438055646913471985e-02,1.000000000000000000e+00
8.180636609676351645e-01,9.154702843794226830e-02,1.000000000000000000e+00
9.995735555037797981e-01,2.428975210255827077e-01,1.000000000000000000e+00
9.413067253483027308e-01,2.497559264646193045e-01,1.000000000000000000e+00
5.894162776848630436e-01,4.222865603900172182e-02,1.000000000000000000e+00
1.108157962083780035e-01,2.513370572403036407e-01,0.000000000000000000e+00
6.100637838692888337e-01,2.181823341850075426e-02,1.000000000000000000e+00
7.520896927329584480e-01,5.562111623229445412e-01,0.000000000000000000e+00
3.136318671985828255e-01,8.262134579237381260e-01,0.000000000000000000e+00
5.773910194879660063e-01,1.822442313538397141e-02,1.000000000000000000e+00
2.235580107993999643e-01,9.228189601605103487e-01,0.000000000000000000e+00
5.704417668963029930e-01,2.701132267069428217e-02,1.000000000000000000e+00
6.512357919739707457e-01,1.849596203285068796e-01,1.000000000000000000e+00
8.364622406889594686e-01,4.601259167095084202e-03,1.000000000000000000e+00
7.086416993785327190e-01,1.087303412972790984e-01,1.000000000000000000e+00
1.143269877724762962e-01,4.926823012907707300e-01,0.000000000000000000e+00
6.283415702892883870e-01,4.338824697750478521e-01,0.000000000000000000e+00
6.808347878331848513e-01,1.681554169669428056e-01,1.000000000000000000e+00
6.209174469048345246e-01,9.174291280409174743e-02,1.000000000000000000e+00
2.356718002832616232e-01,2.899098464109858275e-01,0.000000000000000000e+00
1.570532993082049966e-01,9.648409446352750329e-01,0.000000000000000000e+00
9.658705742012652085e-02,4.865230845943564475e-01,0.000000000000000000e+00
2.846927624536949031e-01,9.871134536732715237e-01,0.000000000000000000e+00
7.346229831453747749e-01,6.702416804103683567e-02,1.000000000000000000e+00
4.854256594589885232e-01,1.380922406914286693e-02,1.000000000000000000e+00
7.837641059654634201e-01,1.233069428982636051e-02,1.000000000000000000e+00
6.452831758615474866e-01,8.595665818840192429e-02,1.000000000000000000e+00
9.375861318500298136e-01,7.289600786764222073e-01,0.000000000000000000e+00
6.140676939051600280e-01,1.408038009819563285e-01,1.000000000000000000e+00
2.180092824433685905e-01,4.852898327145802604e-01,0.000000000000000000e+00
8.206159830587941295e-01,1.985056716125621623e-01,1.000000000000000000e+00
7.652406210661997221e-01,1.576830905149945172e-01,1.000000000000000000e+00
9.616069178883304147e-01,1.077215087412125571e-01,1.000000000000000000e+00
9.463086165645978598e-01,1.976999314504993555e-01,1.000000000000000000e+00
5.012782498489900540e-01,9.421113303240069570e-02,1.000000000000000000e+00
2.276041625655499390e-01,6.777516489038513114e-01,0.000000000000000000e+00
6.960227658785900218e-01,9.107067312495156219e-01,0.000000000000000000e+00
5.514151139792576872e-01,8.403290748334136806e-01,0.000000000000000000e+00
8.295497919861655189e-01,2.642546838064799841e-01,1.000000000000000000e+00
6.922624968290391756e-02,3.901045523097335099e-01,0.000000000000000000e+00
8.066824197497562965e-01,3.209279406179335048e-01,0.000000000000000000e+00
4.392755203053502200e-01,4.085456020369415686e-02,1.000000000000000000e+00
8.453564107969813168e-01,6.858671408353711474e-01,0.000000000000000000e+00
4.889525691298493015e-01,2.780929259513751362e-01,0.000000000000000000e+00
6.110263744137359732e-01,9.363624885453059044e-02,1.000000000000000000e+00
6.993545258916166185e-01,1.136658476416720909e-01,1.000000000000000000e+00
9.014460350059129157e-01,9.349801660993898311e-01,0.000000000000000000e+00
3.317887999962960688e-01,8.633409593610734678e-01,0.000000000000000000e+00
8.269308270560099539e-01,1.321205217185924541e-01,1.000000000000000000e+00
8.758905089984356795e-01,3.250205724023002007e-01,1.000000000000000000e+00
3.431276859432000892e-01,9.103399819088974221e-01,0.000000000000000000e+00
7.368118984545306560e-01,5.814332474707273324e-02,1.000000000000000000e+00
7.307468236036344100e-01,6.141436374237101425e-01,0.000000000000000000e+00
7.867714337045127460e-01,1.976950843625021603e-01,1.000000000000000000e+00
8.468184896376438342e-01,6.920063135413555555e-01,0.000000000000000000e+00
9.059818150125329428e-01,2.281414828120802429e-01,1.000000000000000000e+00
1.628808658745783955e-02,4.321168682845615283e-01,0.000000000000000000e+00
9.839570605707346207e-01,3.199150377511608134e-01,1.000000000000000000e+00
8.726366161157457224e-01,3.137340534603025866e-01,1.000000000000000000e+00
9.864246884247576119e-01,8.449470621838297557e-01,0.000000000000000000e+00
9.372021759430841925e-01,4.036202784319756764e-01,0.000000000000000000e+00
3.094291126128702052e-01,5.470421124459383666e-01,0.000000000000000000e+00
5.102359576914946571e-01,8.367981856077311154e-01,0.000000000000000000e+00
5.526762208995826819e-01,4.856444641579760191e-02,1.000000000000000000e+00
9.374877282014619784e-01,6.799616823431586798e-02,1.000000000000000000e+00
9.299317897179242287e-01,6.073689297612128168e-02,1.000000000000000000e+00
3.332973507730486729e-01,8.662255258566604610e-01,0.000000000000000000e+00
9.544342214407881553e-01,3.613642571818264093e-01,1.000000000000000000e+00
8.218671407561602971e-01,6.380872753881772219e-02,1.000000000000000000e+00
9.204407154372908906e-01,8.576434144645694868e-02,1.000000000000000000e+00
9.270673090559191643e-01,5.428318871725164030e-01,0.000000000000000000e+00
8.387440408879818232e-01,2.511967179279650519e-01,1.000000000000000000e+00
9.317629581858489773e-01,4.518180250662562347e-02,1.000000000000000000e+00
2.916295421004982957e-01,1.510986705161365684e-01,0.000000000000000000e+00
3.740708165181353406e-01,3.679295820750091428e-01,0.000000000000000000e+00
7.784347141642964374e-01,6.047579802514206904e-01,0.000000000000000000e+00
6.857636104515066888e-01,1.637156423406650463e-01,1.000000000000000000e+00
8.967115450381958341e-01,2.440899387125675668e-01,1.000000000000000000e+00
9.001730491434789538e-02,6.428592206267047526e-02,0.000000000000000000e+00
6.707011316613334939e-01,9.018939898852984527e-02,1.000000000000000000e+00
9.451878431561142602e-01,3.385029894765648750e-01,1.000000000000000000e+00
7.864482497679712303e-01,3.984892784122429088e-02,1.000000000000000000e+00
8.633488939966232900e-01,9.335618548650920223e-01,0.000000000000000000e+00
5.672799094997402758e-01,1.173310375201186417e-02,1.000000000000000000e+00
6.667367131299690719e-01,9.999209554237320496e-02,1.000000000000000000e+00
8.037710841543432849e-01,9.099583145777883075e-01,0.000000000000000000e+00
1.025960207926320811e-01,3.876408966309943249e-01,0.000000000000000000e+00
5.540678707648920565e-01,8.658522950133888951e-01,0.000000000000000000e+00
7.733506873225562961e-01,4.745587852279948837e-01,0.000000000000000000e+00
8.996511679734751077e-01,2.716881778039309525e-01,1.000000000000000000e+00
6.347990934115419481e-01,1.623109412547737440e-01,1.000000000000000000e+00
7.413337536782091952e-01,3.951974707215188953e-02,1.000000000000000000e+00
9.195972473605682485e-01,1.011667273152849766e-02,1.000000000000000000e+00
7.377115997674075221e-01,6.833089280327878656e-01,0.000000000000000000e+00
7.753406187789692039e-01,7.291368709047336694e-01,0.000000000000000000e+00
8.613570899652692736e-01,8.286763131014496242e-02,1.000000000000000000e+00
4.205042567499619466e-01,4.095928626330891387e-02,1.000000000000000000e+00
7.572999393159040027e-01,4.770058977537705580e-02,1.000000000000000000e+00
3.991034938106982066e-01,1.141163234605548915e-01,0.000000000000000000e+00
5.183369123979038040e-01,9.001669253566516593e-01,0.000000000000000000e+00
4.530740520298001117e-01,7.245817519601635004e-01,0.000000000000000000e+00
6.091105658752488106e-01,1.277850359926288037e-01,1.000000000000000000e+00
6.523257588408132301e-01,1.817483772832257927e-01,1.000000000000000000e+00
6.033861373681652651e-01,5.897423870032225679e-03,1.000000000000000000e+00
7.214565153445854362e-01,8.205058627349294254e-01,0.000000000000000000e+00
2.240589022101454608e-01,4.054704740981278643e-01,0.000000000000000000e+00
1.316059435036800451e-01,7.699177460950755725e-01,0.000000000000000000e+00
3.151084429279976673e-01,6.412813365293290602e-01,0.000000000000000000e+00
7.752103817896977001e-01,5.823234312838165838e-02,1.000000000000000000e+00
9.333433240512857276e-01,2.868096801909971738e-01,1.000000000000000000e+00
6.222882139610279584e-01,5.799127587458879907e-01,0.000000000000000000e+00
7.556845509146022932e-01,8.665417805422074293e-01,0.000000000000000000e+00
6.816672118670773495e-01,1.013668491369895674e-01,1.000000000000000000e+00
7.680091456411510809e-01,2.335770863760568972e-01,1.000000000000000000e+00
6.314850792366751842e-01,1.189215890991800473e-01,1.000000000000000000e+00
5.482535152555989555e-01,1.054530402724547233e-01,1.000000000000000000e+00
9.757241526782113317e-01,1.214805956281392874e-01,1.000000000000000000e+00
7.782932563606315135e-01,9.457104598337928714e-03,1.000000000000000000e+00
3.296486608826872944e-01,1.402650405841778802e-01,0.000000000000000000e+00
9.706389277132365656e-01,2.459674224456572800e-01,1.000000000000000000e+00
1.794237823484811090e-01,8.169365233332082088e-01,0.000000000000000000e+00
5.754999566224783258e-01,9.570906004263627365e-01,0.000000000000000000e+00
3.853489874085253009e-01,3.184249836797655719e-01,0.000000000000000000e+00
8.754051653289779411e-01,7.189529076073016833e-01,0.000000000000000000e+00
9.009069116628409812e-01,2.823551096854194364e-01,1.000000000000000000e+00
3.188706142609456506e-01,8.886661603238776852e-01,0.000000000000000000e+00
7.844206001929853178e-01,2.296931527249502780e-01,1.000000000000000000e+00
4.080095315367749942e-01,1.869171556639073195e-01,0.000000000000000000e+00
5.588031202199716940e-02,3.522227963144460849e-01,0.000000000000000000e+00
6.537612952358509144e-01,2.924790793389686616e-02,1.000000000000000000e+00
9.643529172269561522e-01,6.813068030529412233e-01,0.000000000000000000e+00
7.973581914835253803e-01,6.462932177196410999e-01,0.000000000000000000e+00
7.389717473420065463e-01,2.240195903149040380e-01,1.000000000000000000e+00
7.585776078522729060e-01,3.925636575460389466e-02,1.000000000000000000e+00
1.574324056372581326e-01,8.177691163883026304e-01,0.000000000000000000e+00
6.023338259543645767e-01,3.115009682427561932e-01,0.000000000000000000e+00
7.606424446608032186e-01,2.843882830625110714e-02,1.000000000000000000e+00
6.940730181644413355e-01,2.093514184850016058e-01,1.000000000000000000e+00
4.481520544074398815e-01,8.684398411464111511e-01,0.000000000000000000e+00
9.416266165773721220e-01,2.484072271155612910e-02,1.000000000000000000e+00
9.466000961553948656e-01,2.658993537448851585e-01,1.000000000000000000e+00
7.628175372362597795e-01,3.291273789623514467e-01,0.000000000000000000e+00
6.951732729978861158e-01,9.262233104474479894e-01,0.000000000000000000e+00
8.351624088567963788e-01,9.157530070728059357e-03,1.000000000000000000e+00
7.108522760266198226e-01,5.517031045892789587e-01,0.000000000000000000e+00
9.304656383466544112e-01,1.427508500461455165e-01,1.000000000000000000e+00
7.721348354914688850e-01,1.232445403433168885e-02,1.000000000000000000e+00
2.034684597770101133e-01,3.855685099404658756e-01,0.000000000000000000e+00
8.347936672275695358e-01,6.493148479925192618e-02,1.000000000000000000e+00
7.917884208742744789e-01,8.586818337165413872e-02,1.000000000000000000e+00
5.575390735294428746e-01,1.141241938030349568e-01,1.000000000000000000e+00
8.100344804546736333e-01,2.844760342787387986e-01,1.000000000000000000e+00
8.877963645834674455e-01,2.177602586099989246e-01,1.000000000000000000e+00
2.686462307406070060e-01,7.724678191167533292e-02,0.000000000000000000e+00
5.427320151623787892e-01,6.875530868879404789e-01,0.000000000000000000e+00
5.175774578905079082e-01,9.812626840462501665e-02,1.000000000000000000e+00
9.221913649087494225e-01,1.786948448422853719e-02,1.000000000000000000e+00
8.208100637600342919e-01,4.721251131807879808e-03,1.000000000000000000e+00
1.676716315211542740e-01,4.456114707819054388e-01,0.000000000000000000e+00
1.468666346270819378e-02,5.629060880901520791e-01,0.000000000000000000e+00
8.523125403709946868e-01,4.083444893286016786e-01,0.000000000000000000e+00
9.541821041836447970e-01,5.659740553391934270e-01,0.000000000000000000e+00
2.244059584719283462e-01,9.675815802251530595e-02,0.000000000000000000e+00
5.024931694097567458e-03,4.859455298630652731e-01,0.000000000000000000e+00
5.511448314792981584e-01,1.288635728044988937e-01,1.000000000000000000e+00
8.900936475137796178e-01,1.469116288652485558e-01,1.000000000000000000e+00
8.814177753299581308e-01,1.704185209513385812e-01,1.000000000000000000e+00
2.012419041352963012e-01,1.337967853920141170e-01,0.000000000000000000e+00
8.242833821347630430e-01,2.063861523702648082e-02,1.000000000000000000e+00
4.762768958652502382e-01,1.199175828064559246e-01,0.000000000000000000e+00
9.814039204942526240e-01,2.748204791960182636e-01,1.000000000000000000e+00
7.975582264584979431e-01,2.276679655562893201e-01,1.000000000000000000e+00
9.510321210111483126e-01,9.311719097317284755e-01,0.000000000000000000e+00
1.475375243444080331e-01,8.434166992837054400e-01,0.000000000000000000e+00
4.568283310275490505e-01,5.356473448212656363e-01,0.000000000000000000e+00
6.836764977117220088e-01,6.343766234143044525e-02,1.000000000000000000e+00
7.316054272524020741e-01,6.147878481675802531e-01,0.000000000000000000e+00
9.189709424772063429e-02,3.094115508106520807e-02,0.000000000000000000e+00
7.289114030719389126e-01,1.952487879674817961e-01,1.000000000000000000e+00
7.381674791321419793e-01,1.551149200259662742e-01,1.000000000000000000e+00
8.673031713562798783e-01,7.415288566248401381e-03,1.000000000000000000e+00
5.455600679886419835e-01,1.599350890149063842e-01,0.000000000000000000e+00
5.205510188429096630e-02,1.609783878066725071e-01,0.000000000000000000e+00
7.955585184530716836e-01,4.953371881823243061e-02,1.000000000000000000e+00
6.982728194751153250e-01,2.042530625571946645e-01,1.000000000000000000e+00
8.806049558464454918e-01,1.443748723956471691e-01,1.000000000000000000e+00
8.722625781305159975e-02,5.051165516282283274e-01,0.000000000000000000e+00
5.022391257555780530e-01,7.262972464718520094e-02,1.000000000000000000e+00
9.092347342470354921e-01,3.351603872333491774e-01,1.000000000000000000e+00
8.564196179687250110e-01,1.090046798614503487e-01,1.000000000000000000e+00
6.096709077529866017e-01,1.496032122033633671e-01,1.000000000000000000e+00
8.643572904052908568e-01,1.764842089489919719e-01,1.000000000000000000e+00
9.656042449778680092e-01,8.652119331689014370e-01,0.000000000000000000e+00
6.014939511920029958e-01,1.602436341610058435e-03,1.000000000000000000e+00
7.814857196048703436e-01,6.599452793301452402e-02,1.000000000000000000e+00
3.186496665190933220e-01,7.361908293721630692e-03,0.000000000000000000e+00
1.784298540536827238e-01,3.192499852729568932e-01,0.000000000000000000e+00
9.792826000304519773e-01,2.494938558747100688e-01,1.000000000000000000e+00
9.849869344311433794e-01,2.379034689052662577e-01,1.000000000000000000e+00
4.466031914366938027e-01,3.580796866229385422e-02,1.000000000000000000e+00
9.985246126116054111e-01,2.126532839971643218e-01,1.000000000000000000e+00
4.706277277198955833e-01,4.207779508150322201e-02,1.000000000000000000e+00
6.329827213108262240e-01,6.948268523346549097e-01,0.000000000000000000e+00
7.467254435426504688e-01,2.326927896050847711e-01,1.000000000000000000e+00
1.736034799463155309e-01,2.145163681907484854e-01,0.000000000000000000e+00
7.815972188376636431e-01,1.444619864757298311e-01,1.000000000000000000e+00
9.755999092312686027e-01,2.975191075059624435e-01,1.000000000000000000e+00
3.928248773541713756e-01,2.623579077530668879e-02,1.000000000000000000e+00
3.716835843654320293e-01,1.906275977678939526e-02,1.000000000000000000e+00
5.600322178033638743e-01,1.777395323080820377e-01,0.000000000000000000e+00
9.164434262706141476e-01,1.176209475349605516e-01,1.000000000000000000e+00
5.745961084746187275e-02,9.714523207206737787e-02,0.000000000000000000e+00
8.190981581768144171e-01,2.757124439611682298e-01,1.000000000000000000e+00
9.790582535382064133e-01,3.477834731004663116e-01,1.000000000000000000e+00
4.781283506060471922e-01,3.565980720163475226e-02,1.000000000000000000e+00
9.717196450420145792e-01,1.827206334984289304e-01,1.000000000000000000e+00
7.742119033714346399e-01,9.023321459333937256e-01,0.000000000000000000e+00
2.101210436713923935e-01,9.032442004805678604e-01,0.000000000000000000e+00
4.645558401426194139e-01,7.880702488894494318e-01,0.000000000000000000e+00
9.052131929651456854e-01,2.678912355138840518e-01,1.000000000000000000e+00
4.806822897807585537e-01,8.729876881030642632e-01,0.000000000000000000e+00
8.483900174647714953e-01,9.357472717375703297e-02,1.000000000000000000e+00
4.581432315125015808e-01,2.799859392308123862e-02,1.000000000000000000e+00
4.131097003003786350e-01,4.790784409933720456e-01,0.000000000000000000e+00
8.635310105974055572e-01,2.479746744678810177e-01,1.000000000000000000e+00
7.082348209467013156e-01,7.984089615069436263e-01,0.000000000000000000e+00
1.662686034037264005e-02,4.537953995962195064e-01,0.000000000000000000e+00
6.341255727682596488e-01,3.106015229848879677e-01,0.000000000000000000e+00
4.615022449416674721e-01,1.412125522670082400e-02,1.000000000000000000e+00
3.661939087118614156e-01,4.484715217892221162e-02,0.000000000000000000e+00
9.236646726489774473e-01,1.842722407891159708e-01,1.000000000000000000e+00
2.862933926019507469e-01,2.127601271836775387e-01,0.000000000000000000e+00
2.531942029269851346e-01,4.634751078595541474e-01,0.000000000000000000e+00
1.034235653211068584e-02,1.017488756899802560e-01,0.000000000000000000e+00
9.583428246987846233e-02,8.521836484504523579e-01,0.000000000000000000e+00
8.396072300624570772e-01,2.384632390640338828e-01,1.000000000000000000e+00
9.319879371273943613e-01,1.225008172280755980e-01,1.000000000000000000e+00
4.878023081100453240e-01,3.814761344322435965e-01,0.000000000000000000e+00
8.034356793342085634e-01,5.769286830918374243e-03,1.000000000000000000e+00
8.872712292113674737e-01,1.151123974030767716e-01,1.000000000000000000e+00
7.017950743811364189e-01,1.625400639890680621e-01,1.000000000000000000e+00
3.431397212597041557e-01,8.150751545369742113e-01,0.000000000000000000e+00
8.323334363104916145e-01,2.191589259839590298e-01,1.000000000000000000e+00
5.393543181548789978e-01,7.122572193766218973e-02,1.000000000000000000e+00
4.444635806683708834e-01,1.853725832556218922e-02,1.000000000000000000e+00
7.975060052289242307e-01,8.173000133557295488e-02,1.000000000000000000e+00
9.161237702815003825e-01,1.446132927915603217e-01,1.000000000000000000e+00
3.345040491714579289e-04,9.011737619318771486e-02,0.000000000000000000e+00
8.830772152546186859e-01,1.786037447465766981e-01,1.000000000000000000e+00
7.272809286479708923e-02,4.031286937119602509e-01,0.000000000000000000e+00
2.274809463084955796e-01,6.154874610807612445e-01,0.000000000000000000e+00
6.222373843503499202e-01,8.657875550982163659e-02,1.000000000000000000e+00
1.006313721801496142e-01,9.234649350763611819e-01,0.000000000000000000e+00
7.773918001479809270e-01,3.241508748327380784e-01,0.000000000000000000e+00
2.464650603286044905e-03,9.607419207811221940e-01,0.000000000000000000e+00
5.411019871084044031e-01,1.185934199337119743e-01,1.000000000000000000e+00
8.880888289255723933e-01,3.991923002768656970e-01,0.000000000000000000e+00
9.375614141292004655e-01,9.769689826554146528e-01,0.000000000000000000e+00
6.940404633258534517e-02,3.306674769822944837e-01,0.000000000000000000e+00
9.702006779316855178e-01,1.691758225312592900e-01,1.000000000000000000e+00
5.340486946217873898e-01,4.698854595646001497e-01,0.000000000000000000e+00
3.154245504807873246e-01,3.612174786850226305e-01,0.000000000000000000e+00
9.402467195699820701e-01,7.969616059788015017e-01,0.000000000000000000e+00
4.691328806585541855e-01,4.281262059490087424e-04,1.000000000000000000e+00
9.890245743473201623e-01,3.241826053432014243e-01,1.000000000000000000e+00
2.262249743271029789e-01,4.093639770379988718e-01,0.000000000000000000e+00
5.088845080747878002e-01,8.584905167170431284e-02,1.000000000000000000e+00
1.599453745582306574e-01,4.196634412325859209e-01,0.000000000000000000e+00
6.800342888020993737e-02,2.728832155479892219e-01,0.000000000000000000e+00
9.417176539186433715e-02,6.851495008862306113e-01,0.000000000000000000e+00
7.445407023152872394e-02,7.169096253270271779e-01,0.000000000000000000e+00
4.937637209037297747e-01,4.734176545762082133e-01,0.000000000000000000e+00
8.130854488354258836e-01,8.456160796343670238e-02,1.000000000000000000e+00
9.660880825079678491e-01,2.927631588697684473e-01,1.000000000000000000e+00
6.293267854802846450e-01,3.727046406302669812e-02,1.000000000000000000e+00
7.411078928727611315e-01,8.120412691501710523e-02,1.000000000000000000e+00
9.579869575216722888e-01,5.757573694221540528e-02,1.000000000000000000e+00
8.672754071014399102e-01,1.922137083248934841e-01,1.000000000000000000e+00
6.816489599434072399e-02,6.688199282852047567e-01,0.000000000000000000e+00
9.036068854933229089e-01,2.011265801682038390e-02,1.000000000000000000e+00
4.809339579843320278e-01,2.724710356510855469e-01,0.000000000000000000e+00
4.052837774100307433e-01,3.361434498450721620e-03,1.000000000000000000e+00
9.102838038019802624e-01,2.057916100003287507e-01,1.000000000000000000e+00
8.807438502711101291e-01,3.276855615453128090e-01,1.000000000000000000e+00
8.277982656102377268e-01,2.398240180718079761e-01,1.000000000000000000e+00
9.583654514433205263e-01,8.581668278368741465e-01,0.000000000000000000e+00
7.899561024465893144e-01,3.709149758492547022e-02,1.000000000000000000e+00
2.707097686908122025e-01,9.360243544873341204e-01,0.000000000000000000e+00
5.477094515770211114e-01,9.066998986406593630e-02,1.000000000000000000e+00
9.953929486761955436e-01,8.416877774204967189e-03,1.000000000000000000e+00
9.620408494980015046e-01,3.064356574112656606e-01,1.000000000000000000e+00
9.905711101530492169e-01,8.508443321780656543e-02,1.000000000000000000e+00
9.330398839672008338e-01,7.844012734460149572e-01,0.000000000000000000e+00
5.030741955378930097e-01,8.834356148250865903e-02,1.000000000000000000e+00
8.550775649405450984e-01,7.088032720992327729e-01,0.000000000000000000e+00
8.154264292846945539e-01,2.659243184909305668e-01,1.000000000000000000e+00
2.018931117080577931e-01,3.391580660377815359e-01,0.000000000000000000e+00
8.380633932406803543e-01,3.570168979977794699e-01,0.000000000000000000e+00
9.856136261882089133e-01,7.599905875299070024e-01,0.000000000000000000e+00
5.937693266054117069e-01,6.312600808273871600e-02,1.000000000000000000e+00
5.992251710622156224e-01,1.213606125466883956e-01,1.000000000000000000e+00
6.043891932458232974e-01,1.088457499203795420e-01,1.000000000000000000e+00
8.507209225583091117e-01,1.618543001650298852e-01,1.000000000000000000e+00
9.929199805266428758e-01,2.624977262337093720e-01,1.000000000000000000e+00
8.544610853795019390e-01,1.037244705820287161e-01,1.000000000000000000e+00
9.853179323137217782e-01,9.914591457061683322e-02,1.000000000000000000e+00
4.289574973915349920e-01,8.330016257546620784e-01,0.000000000000000000e+00
7.398211154748222107e-01,1.342118332242346890e-01,1.000000000000000000e+00
7.095701646420039532e-01,8.797728800079163136e-02,1.000000000000000000e+00
4.702749644134962548e-01,2.772492620201345570e-01,0.000000000000000000e+00
9.215416973555496938e-01,1.710506581400815795e-01,1.000000000000000000e+00
9.122131413880371076e-01,6.814131972894132971e-02,1.000000000000000000e+00
7.037009939444101025e-01,1.123756118083247824e-01,1.000000000000000000e+00
4.276671453584020011e-01,1.642392435141596385e-01,0.000000000000000000e+00
5.137712560865899114e-01,3.134617888184225709e-01,0.000000000000000000e+00
6.322245393461727314e-01,1.254378373201914254e-01,1.000000000000000000e+00
9.313834426604716832e-03,3.752197916866971683e-01,0.000000000000000000e+00
4.060933556278860657e-01,6.862233661579864030e-02,0.000000000000000000e+00
6.590020798174174299e-01,4.775912893625522404e-02,1.000000000000000000e+00
9.527215591135682615e-01,3.030698738830693850e-01,1.000000000000000000e+00
1.457031468763385629e-01,3.645422444389169181e-01,0.000000000000000000e+00
2.362829506176056249e-03,3.080232621658876013e-01,0.000000000000000000e+00
9.496408232340863842e-01,1.004188538313508516e-01,1.000000000000000000e+00
8.057465107592824971e-01,1.694651649816941719e-01,1.000000000000000000e+00
2.181618101240988539e-01,9.762797010511877760e-01,0.000000000000000000e+00
3.706431777258332172e-01,7.367508171320036325e-01,0.000000000000000000e+00
7.551753083246103282e-01,9.398938718894950251e-01,0.000000000000000000e+00
6.189685181701746197e-01,9.436297867044274312e-01,0.000000000000000000e+00
8.725370253641875351e-01,2.779901534472593028e-01,1.000000000000000000e+00
9.469811441524319529e-01,2.739259501449189393e-01,1.000000000000000000e+00
5.534552261378360427e-01,6.423697396461649500e-01,0.000000000000000000e+00
7.652948186596764124e-01,8.014561958337141911e-01,0.000000000000000000e+00
7.101129428460983828e-01,5.736514209658527541e-02,1.000000000000000000e+00
7.528636652339315560e-01,2.984989534730231320e-02,1.000000000000000000e+00
9.646525146044753196e-01,2.318624833182019174e-01,1.000000000000000000e+00
7.970925732951819054e-01,1.442771611381585828e-01,1.000000000000000000e+00
1.294360308804850535e-01,1.383155605328023618e-01,0.000000000000000000e+00
2.737316444507451596e-01,3.993123393731129456e-01,0.000000000000000000e+00
5.928826710883942086e-01,6.705087991475356946e-01,0.000000000000000000e+00
8.688706492216392574e-01,2.311522860339136898e-01,1.000000000000000000e+00
6.997553697272195228e-01,7.619925461168453040e-02,1.000000000000000000e+00
4.362020641393569154e-01,1.285895037066442370e-02,1.000000000000000000e+00
7.175737579288230528e-01,1.946564631174645399e-01,1.000000000000000000e+00
9.813459442736046645e-01,1.961474037607928711e-01,1.000000000000000000e+00
1.390075052219114093e-01,5.296024876125000613e-01,0.000000000000000000e+00
9.942639239491285474e-01,3.024957494912322575e-01,1.000000000000000000e+00
8.642892790316977214e-01,2.267034525145379398e-01,1.000000000000000000e+00
8.627751831104136793e-01,3.235782340649353550e-01,0.000000000000000000e+00
8.385244649293387420e-01,1.258495995104543796e-01,1.000000000000000000e+00
7.195858807233893595e-01,3.123906668178889623e-01,0.000000000000000000e+00
8.722145849163358555e-01,7.494643289310055634e-01,0.000000000000000000e+00
7.043642647306841420e-01,2.114263066373612832e-01,1.000000000000000000e+00
5.348300932331107038e-02,6.692295991753638429e-01,0.000000000000000000e+00
9.777937208221725296e-01,1.705027031623140843e-01,1.000000000000000000e+00
8.862878958425459697e-01,1.861293660706504483e-01,1.000000000000000000e+00
8.129361141340702979e-01,2.596439316490301019e-01,1.000000000000000000e+00
7.254495830565433900e-01,5.894609025207383501e-01,0.000000000000000000e+00
7.551142330233876487e-01,3.673067584787803597e-01,0.000000000000000000e+00
7.282600276940903727e-01,2.368650374529090996e-01,1.000000000000000000e+00
8.666214784462188403e-01,3.043556288009219291e-01,1.000000000000000000e+00
8.594707965307467612e-01,8.663518306392947732e-02,1.000000000000000000e+00
7.083460492450380785e-01,7.644790717583849204e-01,0.000000000000000000e+00
8.401873741612816415e-01,3.284955340707496063e-02,1.000000000000000000e+00
8.814792512825933013e-01,2.363370016454646727e-02,1.000000000000000000e+00
6.054084997902693388e-01,8.105177028166810071e-02,1.000000000000000000e+00
7.334758069458257035e-01,1.647451563170033717e-01,1.000000000000000000e+00
9.067908114705816036e-01,7.740920596721911906e-02,1.000000000000000000e+00
9.909850611658927999e-01,2.793508664090417204e-01,1.000000000000000000e+00
4.959679458907669813e-01,8.243324617239656815e-01,0.000000000000000000e+00
9.860728966760896608e-01,2.463689146825339682e-01,1.000000000000000000e+00
8.492331318851920052e-02,6.233127027553932997e-01,0.000000000000000000e+00
5.354324368838908610e-01,9.108662090235919440e-02,1.000000000000000000e+00
6.246474935316514987e-02,3.842629250370597216e-01,0.000000000000000000e+00
3.729916601665478337e-01,5.922299546195343156e-01,0.000000000000000000e+00
8.182183381660939059e-01,2.810933084915767655e-02,1.000000000000000000e+00
6.544386455134693081e-01,5.702977244185081229e-02,1.000000000000000000e+00
1.362456427764652256e-01,4.148163675908033143e-01,0.000000000000000000e+00
7.403377024006895235e-01,8.625368075527310996e-01,0.000000000000000000e+00
6.467882179626740502e-01,4.647321051605166620e-01,0.000000000000000000e+00
7.406545817962286726e-01,1.174252910118207538e-01,1.000000000000000000e+00
9.617409111300723179e-01,2.488651369229961663e-01,1.000000000000000000e+00
6.439682956153678361e-01,1.318252365024130679e-01,1.000000000000000000e+00
9.835954940652583689e-01,3.873476916116502800e-01,1.000000000000000000e+00
6.316873281066640589e-01,5.480739716221394442e-02,1.000000000000000000e+00
5.151448780774185998e-01,7.166350222375352796e-01,0.000000000000000000e+00
9.125917372950187456e-01,6.268077927106541214e-02,1.000000000000000000e+00
8.030197851562677069e-01,1.985395386922557126e-01,1.000000000000000000e+00
2.366206049814021384e-01,7.974449711176240241e-01,0.000000000000000000e+00
8.766311861093434299e-02,7.421892108594363435e-02,0.000000000000000000e+00
8.447034429641744335e-01,3.188673524814789051e-02,1.000000000000000000e+00
2.476215118016037442e-01,2.646805789146902121e-01,0.000000000000000000e+00
2.892957479454073555e-01,9.464084137188719659e-01,0.000000000000000000e+00
6.552019699496792748e-01,1.703323747776789299e-01,1.000000000000000000e+00
9.713146954026340429e-01,1.747612425411482207e-01,1.000000000000000000e+00
4.979140640828423336e-01,1.506887410551749351e-02,1.000000000000000000e+00
7.071162447158867437e-01,1.982275095667729303e-03,1.000000000000000000e+00
6.080691980274433028e-01,8.197951314321386684e-01,0.000000000000000000e+00
9.397148181538637068e-01,4.953045612390061248e-02,1.000000000000000000e+00
9.887387416629469516e-01,2.694310300836403327e-01,1.000000000000000000e+00
8.542257009008752400e-01,1.697627241394732422e-01,1.000000000000000000e+00
7.949813190736081392e-01,2.055717106824087592e-01,1.000000000000000000e+00
9.245734484411194387e-01,2.142281202289981756e-01,1.000000000000000000e+00
9.580553064045014278e-01,1.861554418804078903e-02,1.000000000000000000e+00
7.274411527804788280e-01,1.417954114649696562e-01,1.000000000000000000e+00
9.837830317370021005e-01,8.243593242509816843e-02,1.000000000000000000e+00
2.269090384699553598e-01,4.457737643388722804e-01,0.000000000000000000e+00
7.473229354306206718e-01,1.601734734883455413e-01,1.000000000000000000e+00
3.351645780177596734e-01,5.431851434496431930e-01,0.000000000000000000e+00
9.430006676266597943e-01,3.456264897023721971e-01,1.000000000000000000e+00
9.133166967809208669e-01,9.133734536294957351e-02,1.000000000000000000e+00
2.746637308387184229e-01,6.876208030737394061e-01,0.000000000000000000e+00
2.657742703624899061e-01,7.331314899062635337e-02,0.000000000000000000e+00
8.278828801268900417e-02,3.226916979331698743e-01,0.000000000000000000e+00
6.220130919962325589e-01,3.849965351658718449e-01,0.000000000000000000e+00
4.934839588206355598e-01,9.351639360425182401e-01,0.000000000000000000e+00
6.418624650982844848e-01,1.473530727259081408e-01,1.000000000000000000e+00
8.093153258078015222e-01,3.026300326406689001e-01,0.000000000000000000e+00
6.151553404023580862e-01,4.792050134883016899e-01,0.000000000000000000e+00
8.815314337640463016e-01,6.762512674579155281e-01,0.000000000000000000e+00
6.355130336506960020e-01,7.123373803621536604e-01,0.000000000000000000e+00
7.918747596590332005e-01,5.611965314471647481e-01,0.000000000000000000e+00
9.028247578707817578e-01,3.575640882773389873e-02,1.000000000000000000e+00
7.227450795210563772e-01,2.245859629331301566e-01,1.000000000000000000e+00
8.193200357500396436e-01,4.143158476766384268e-03,1.000000000000000000e+00
9.460374264801528765e-01,2.587766722369303496e-01,1.000000000000000000e+00
7.085580615241491298e-01,1.319045113713377404e-01,1.000000000000000000e+00
8.735158229710308087e-01,1.011047777930635938e-01,1.000000000000000000e+00
6.928554341742001466e-01,1.149574243873138224e-01,1.000000000000000000e+00
9.253667336321944603e-01,6.086577817022553738e-02,1.000000000000000000e+00
6.576448949388219445e-01,6.764479571691833781e-01,0.000000000000000000e+00
9.378078631269757270e-01,3.414079957743070270e-01,1.000000000000000000e+00
9.484350743066901623e-01,3.665133801090518784e-01,1.000000000000000000e+00
6.272094873968621087e-01,6.517387809486374639e-01,0.000000000000000000e+00
7.918157585133068777e-01,4.162285103552887389e-02,1.000000000000000000e+00
2.900094516404461142e-01,4.297153325048586048e-02,0.000000000000000000e+00
9.686656219817496583e-01,7.181375974578152466e-02,1.000000000000000000e+00
9.965540747642791519e-01,2.343231652820387811e-02,1.000000000000000000e+00
9.600318886602493551e-01,3.365317204606675938e-01,1.000000000000000000e+00
1.602369638257347129e-01,2.729877622737548748e-01,0.000000000000000000e+00
2.633734805011899160e-01,7.392902601462463252e-01,0.000000000000000000e+00
4.937489458027473077e-01,1.179903794460512856e-02,1.000000000000000000e+00
8.300592631763422657e-01,9.760939129677459469e-02,1.000000000000000000e+00
8.169310452285591939e-01,1.432939860254702769e-01,1.000000000000000000e+00
4.053147518206466904e-01,5.083732672762707461e-01,0.000000000000000000e+00
3.485344188200594218e-01,7.971118791068708687e-01,0.000000000000000000e+00
5.721640991499739037e-01,9.108729912023139086e-02,1.000000000000000000e+00
7.999634682565892607e-01,9.724002553459485387e-01,0.000000000000000000e+00
4.879400973790576357e-01,8.614066662637248628e-01,0.000000000000000000e+00
9.807986417358914855e-01,3.442125754297225004e-01,1.000000000000000000e+00
7.160465703980946062e-01,2.208664286926416143e-01,1.000000000000000000e+00
9.636060061976242652e-01,6.277041257324550427e-01,0.000000000000000000e+00
9.219866396781882800e-01,5.807709182740773413e-01,0.000000000000000000e+00
3.864937329432494018e-01,5.785017142972238569e-01,0.000000000000000000e+00
6.791859463105260897e-01,7.534342476840568681e-01,0.000000000000000000e+00
5.958678345696964973e-01,9.171643740814080514e-01,0.000000000000000000e+00
8.801452555311231052e-01,3.171287068128494369e-01,1.000000000000000000e+00
2.888977267480702382e-01,7.484988894204568366e-01,0.000000000000000000e+00
6.236229724479478431e-01,9.927244001102106807e-01,0.000000000000000000e+00
7.298603300958612650e-01,7.066064804899085949e-02,1.000000000000000000e+00
6.426186127754925925e-01,9.023080197063682029e-02,1.000000000000000000e+00
9.736148412249472361e-01,1.351139577273001713e-01,1.000000000000000000e+00
7.008558397344479829e-01,7.029517969239806874e-01,0.000000000000000000e+00
8.666350773189070988e-01,2.077457566925475785e-01,1.000000000000000000e+00
5.398063243570941916e-01,5.113349364132534491e-01,0.000000000000000000e+00
1.575223371827686458e-01,7.961087779737846537e-01,0.000000000000000000e+00
7.400282474804704691e-01,5.183289697174980892e-01,0.000000000000000000e+00
4.104835652198002283e-02,8.118395874983149740e-01,0.000000000000000000e+00
6.303571604921227589e-01,3.269396614961905811e-01,0.000000000000000000e+00
9.810828246371755545e-01,2.975721461245309785e-01,1.000000000000000000e+00
8.917541737161174265e-01,1.712289425898266826e-01,1.000000000000000000e+00
4.833636245053922753e-01,5.993187445085945697e-02,1.000000000000000000e+00
5.763974010691194083e-01,1.091001595283278558e-01,1.000000000000000000e+00
5.987624669529134636e-02,8.509399866639147936e-01,0.000000000000000000e+00
7.783327566747075821e-01,6.601263318820238535e-02,1.000000000000000000e+00
3.859529633396924231e-01,4.291372024849543498e-01,0.000000000000000000e+00
6.280729246632571483e-01,4.446162114628782192e-03,1.000000000000000000e+00
3.652083308723832467e-01,6.312573139222141805e-01,0.000000000000000000e+00
8.274391751761918101e-01,2.729958232755103076e-02,1.000000000000000000e+00
9.949310652909640895e-01,1.433997412811842675e-01,1.000000000000000000e+00
1.474481834013510184e-01,3.589870094410567702e-01,0.000000000000000000e+00
2.224247418871035942e-01,5.379684747412901702e-01,0.000000000000000000e+00
9.604798354306718355e-01,1.881503736093401713e-01,1.000000000000000000e+00
7.280095525242904486e-01,1.101366018699437843e-01,1.000000000000000000e+00
6.461894499135213410e-01,5.483844293592480268e-01,0.000000000000000000e+00
1.791237399366786276e-01,9.861271328456885366e-01,0.000000000000000000e+00
7.036078256076206960e-01,1.475820096593281061e-01,1.000000000000000000e+00
9.772643785456844867e-01,3.605153522190019943e-01,1.000000000000000000e+00
8.165660401912331334e-01,1.663787322140617420e-01,1.000000000000000000e+00
8.062113513352352490e-01,6.634851873506764086e-03,1.000000000000000000e+00
1.952982088509102043e-01,7.223514929080572244e-01,0.000000000000000000e+00
7.333999882596727860e-01,2.068194210817170253e-01,1.000000000000000000e+00
3.161342116242238376e-01,7.902851854320256386e-01,0.000000000000000000e+00
6.104509915077752646e-01,6.824749549344140132e-01,0.000000000000000000e+00
3.587101530158406382e-01,1.853991110257302566e-03,1.000000000000000000e+00
7.433651924648244647e-01,1.078984921696550803e-01,1.000000000000000000e+00
4.667811264828206630e-01,6.933346766216695878e-01,0.000000000000000000e+00
6.003937402558892078e-01,3.913445435794526972e-02,1.000000000000000000e+00
9.215019736790036609e-01,9.039288808971746025e-02,1.000000000000000000e+00
8.713632254339276351e-01,3.198341295055586730e-01,1.000000000000000000e+00
9.277694944425515233e-01,6.190028188707952239e-02,1.000000000000000000e+00
4.772027011355051140e-02,2.357135391543530023e-02,0.000000000000000000e+00
8.537113046196720401e-01,8.519468806198349231e-02,1.000000000000000000e+00
2.987046309250974696e-01,3.761063724628390670e-01,0.000000000000000000e+00
7.058766026354943435e-01,2.023144643158402145e-01,1.000000000000000000e+00
8.137498613126630254e-01,2.477443318573101516e-01,1.000000000000000000e+00
8.673173662653151927e-01,2.883494696623055686e-01,1.000000000000000000e+00
5.281141413482143276e-01,9.422270664779726079e-01,0.000000000000000000e+00
1.137933925410253844e-01,1.043287564454112859e-01,0.000000000000000000e+00
8.534817515330659354e-01,4.054276973971684406e-01,0.000000000000000000e+00
3.764000427265288273e-01,1.437681009149959221e-01,0.000000000000000000e+00
9.439927663361762367e-01,4.809742047878592386e-01,0.000000000000000000e+00
6.816593775218418028e-01,1.124591448716378839e-01,1.000000000000000000e+00
4.263219025258181416e-01,5.584674235638124040e-01,0.000000000000000000e+00
8.459399000100128463e-01,1.214979257723659556e-01,1.000000000000000000e+00
8.151139620093857951e-01,2.195264852218696827e-01,1.000000000000000000e+00
9.845738769501952703e-01,3.538875934466373385e-01,1.000000000000000000e+00
9.909918669542111536e-01,3.359249325359300320e-01,1.000000000000000000e+00
8.859182692763570843e-01,2.432787742684401344e-01,1.000000000000000000e+00
7.905287766068378463e-01,2.627465970918491101e-01,1.000000000000000000e+00
8.100612824350805763e-01,2.408792419963501352e-03,1.000000000000000000e+00
9.263986161602471014e-01,7.910101413265689940e-01,0.000000000000000000e+00
6.585209360325352534e-01,1.904336283040297673e-01,1.000000000000000000e+00
2.133031883495466463e-01,4.005034514246975652e-01,0.000000000000000000e+00
8.219323216733208648e-01,2.551300644247231908e-01,1.000000000000000000e+00
7.420296999231152935e-01,4.715465991309443217e-01,0.000000000000000000e+00
7.493316234996164615e-01,6.149304094247598496e-02,1.000000000000000000e+00
9.703353295601170325e-01,1.067377446877761926e-01,1.000000000000000000e+00
8.127300747373445988e-01,2.170999110752250827e-01,1.000000000000000000e+00
7.665859526449080308e-01,8.147533288992810929e-01,0.000000000000000000e+00
3.322102421947900064e-01,7.307174042638756584e-01,0.000000000000000000e+00
9.542044624322356672e-01,2.020587496463367438e-01,1.000000000000000000e+00
9.590068690531510232e-01,2.935312620534298311e-01,1.000000000000000000e+00
8.092557547237019255e-01,6.536414427703540753e-02,1.000000000000000000e+00
7.031223128031597325e-01,1.675359684683609407e-01,1.000000000000000000e+00
1.644829276972473719e-01,8.446539556397032467e-01,0.000000000000000000e+00
8.079265838718736603e-01,1.143122990037571673e-01,1.000000000000000000e+00
1.507421889039741725e-01,9.029404809019223599e-01,0.000000000000000000e+00
5.387521467390189445e-01,9.832074025005599349e-02,1.000000000000000000e+00
2.315129928673316240e-01,2.636125504531223740e-01,0.000000000000000000e+00
9.463647600281238637e-01,3.220660208238103062e-01,1.000000000000000000e+00
9.231948051205322026e-01,1.707193419552177627e-01,1.000000000000000000e+00
6.028509983879083434e-01,6.551940892657892590e-02,1.000000000000000000e+00
7.625788091121212808e-01,3.263281513925631039e-03,1.000000000000000000e+00
4.106924380317096279e-01,9.324670199961438977e-01,0.000000000000000000e+00
2.654126733409724048e-01,7.255740586115766444e-01,0.000000000000000000e+00
7.713380037843414749e-01,1.444688556643778377e-01,1.000000000000000000e+00
7.451681252949748924e-01,5.128952343235992917e-02,1.000000000000000000e+00
7.073101961352649125e-01,2.218039686705991498e-01,1.000000000000000000e+00
8.659088203638899417e-01,1.181077546911747378e-01,1.000000000000000000e+00
7.801037233457160935e-01,2.216529616232376654e-01,1.000000000000000000e+00
2.351329054743062086e-01,2.695642107649233177e-01,0.000000000000000000e+00
2.666108296315694570e-01,8.773023479699580962e-01,0.000000000000000000e+00
5.363358320661950618e-01,3.205705203478448340e-01,0.000000000000000000e+00
8.884083090629382173e-01,2.057625548861409248e-01,1.000000000000000000e+00
7.942408692590963160e-01,2.634667954027974934e-01,1.000000000000000000e+00
9.781270631880599753e-01,7.972907690773156641e-02,1.000000000000000000e+00
9.848532997786897392e-01,2.834185988093528286e-01,1.000000000000000000e+00
8.986011397448041560e-01,7.771757917763377765e-02,1.000000000000000000e+00
9.696096229698070168e-01,3.208685876156361916e-01,1.000000000000000000e+00
8.726165091516835393e-01,1.989797508224097067e-01,1.000000000000000000e+00
7.669275447515425670e-01,1.874229145268311303e-01,1.000000000000000000e+00
7.565658470439806660e-01,3.194355726615721869e-01,0.000000000000000000e+00
1.093297622966760141e-02,9.526734588579445218e-01,0.000000000000000000e+00
6.568383191398542431e-01,1.194702194453730604e-01,1.000000000000000000e+00
9.997901227734026230e-01,3.240119883964616143e-01,1.000000000000000000e+00
7.004526359097267285e-01,1.694491497382212275e-01,1.000000000000000000e+00
2.384976943791639048e-01,6.501444121895811890e-01,0.000000000000000000e+00
3.617639636321932084e-01,2.614773641743175503e-01,0.000000000000000000e+00
7.131187530914420147e-01,2.176628268254110488e-02,1.000000000000000000e+00
8.196629046508231431e-01,2.380933294387438393e-01,1.000000000000000000e+00
7.608556007946686295e-01,1.854738878432973248e-01,1.000000000000000000e+00
5.467716535312464599e-01,2.894324234551115538e-02,1.000000000000000000e+00
2.528176552781178366e-01,1.682542382150827853e-01,0.000000000000000000e+00
6.247309339218500845e-01,9.118038427762965581e-01,0.000000000000000000e+00
9.801299343449306756e-01,1.964966295650683037e-03,1.000000000000000000e+00
8.750000988140309577e-01,8.450814011340581633e-01,0.000000000000000000e+00
8.312093488146942155e-01,2.280749479815172842e-01,1.000000000000000000e+00
7.845140093165602346e-01,1.434810714014167488e-02,1.000000000000000000e+00
8.810316884956342909e-01,1.653119129451571245e-01,1.000000000000000000e+00
9.973114349357403707e-01,1.434156697041458761e-01,1.000000000000000000e+00
4.362652511258580112e-01,4.212335857224531743e-01,0.000000000000000000e+00
5.796014740535628817e-01,6.168368443034144555e-02,1.000000000000000000e+00
5.477831520215202810e-01,4.126657746975245233e-01,0.000000000000000000e+00
7.524212875583187188e-01,1.942182896684685467e-01,1.000000000000000000e+00
2.594117368990576100e-01,4.701044000248428834e-01,0.000000000000000000e+00
5.580878596221935384e-01,2.175056277878602007e-01,0.000000000000000000e+00
6.196771974139628769e-01,8.241499718230671512e-02,1.000000000000000000e+00
9.872966654812557197e-01,2.787663149956560726e-01,1.000000000000000000e+00
6.164447196439020171e-01,4.199402569849963740e-01,0.000000000000000000e+00
9.698272713543616419e-01,9.485556132379001637e-01,0.000000000000000000e+00
5.866917671092863884e-02,8.119053816408534630e-01,0.000000000000000000e+00
4.854851887637792185e-01,6.700492071644053027e-01,0.000000000000000000e+00
2.884817394919687583e-01,5.118600158501529496e-02,0.000000000000000000e+00
8.924244447027123162e-01,7.952565788444827533e-01,0.000000000000000000e+00
9.272192130364503848e-01,1.349861788693305087e-01,1.000000000000000000e+00
1.582991321674509511e-02,4.813219374860168154e-01,0.000000000000000000e+00
9.679638935174624814e-01,3.085710739765559207e-01,1.000000000000000000e+00
