9.716774954163215128e+00,1.469815703049774047e+00,3.232485580908563971e+00,0.000000000000000000e+00
1.130650392972580498e+01,8.154216828756148949e-01,5.536712558343293011e+01,2.000000000000000000e+00
9.512338802624132228e+00,8.095366743323750836e-01,2.415356169647633067e+01,2.000000000000000000e+00
3.869948884613214624e+00,7.699428065250371045e-01,2.201016619870769375e+01,2.000000000000000000e+00
3.961213234788064597e+01,1.240628332777176102e+00,1.545553303899566515e+02,2.000000000000000000e+00
4.797341935780247724e+01,8.396111013562654879e-01,1.983051251419283858e+02,1.000000000000000000e+00
1.546582696479289254e+00,8.576582186795486118e-01,-1.173316628128483252e+01,1.000000000000000000e+00
3.213732958821589136e+01,1.449983442003066836e+00,6.643873443186713246e+01,2.000000000000000000e+00
2.689430091681533952e+01,7.685488735049161857e-01,8.675496712675935385e+01,2.000000000000000000e+00
1.071185243111709973e+01,3.827531622634899877e-01,6.387756855416956370e+01,2.000000000000000000e+00
3.259814809750259279e+00,1.518096495688584735e+00,-1.607474342641374676e+01,1.000000000000000000e+00
1.406226469156373149e+01,1.485571440233281360e+00,4.336211205898913335e+01,2.000000000000000000e+00
8.719634032794727929e+00,1.160107529533490611e+00,-5.143931446879385305e+01,1.000000000000000000e+00
3.922095412777795786e+01,8.722331465493184943e-01,2.084185673887118924e+02,2.000000000000000000e+00
2.072617856471307007e+01,8.180107343611517923e-01,9.354939632323136323e+01,2.000000000000000000e+00
4.404675808479482413e+01,5.068306157245353605e-01,1.734574106851893589e+02,0.000000000000000000e+00
3.959026763640066093e+01,1.027702199205970501e+00,1.531481588581589790e+02,2.000000000000000000e+00
2.251097635829965071e+01,5.175140328215886987e-01,9.281218676675446488e+01,2.000000000000000000e+00
3.176593117155959689e+01,4.426297850271571077e-01,8.558594622921965822e+01,0.000000000000000000e+00
3.509744594479716540e+01,5.587478373433284462e-01,1.294914697958939200e+02,2.000000000000000000e+00
3.875124011744432551e+01,1.312183789878473394e+00,8.935997980080988157e+01,2.000000000000000000e+00
4.637237243842114509e+01,9.646092231548131224e-01,2.062128390478453355e+02,0.000000000000000000e+00
3.919310354964472509e+01,1.307753045082865384e+00,6.569854741156649425e+01,1.000000000000000000e+00
7.050491081048741115e+00,9.408818637823798126e-01,1.776691899807237007e+01,2.000000000000000000e+00
6.345560532047192837e+00,1.524478689256875574e+00,-7.201109997795165363e-01,0.000000000000000000e+00
1.493755451944710444e+01,7.447834625599429881e-01,6.464827988964174210e+01,2.000000000000000000e+00
4.701607570081328191e+01,7.323087090978339653e-01,2.314263443151587580e+02,0.000000000000000000e+00
1.559004765214962873e+01,1.449355154262844669e+00,3.368245286242971304e+01,2.000000000000000000e+00
2.174360303837284292e+01,6.271686790005225332e-01,3.435167931290563814e+01,1.000000000000000000e+00
4.175508058191157090e+01,1.423987428199055882e+00,2.422519119431363777e+01,1.000000000000000000e+00
5.244779133524073433e-01,5.296187101504163941e-01,-2.249028518798898801e+01,1.000000000000000000e+00
4.917949076300046407e+00,1.489595408207086802e+00,-1.919146631907728207e+01,1.000000000000000000e+00
1.989665799131725166e+01,6.134173865603724796e-01,5.303019914723640227e+01,2.000000000000000000e+00
2.265537693136323227e+01,3.939888783779805781e-01,7.106900208745491909e+01,2.000000000000000000e+00
4.054436288301303648e+00,9.933443316758675534e-01,1.551060117420624174e+01,2.000000000000000000e+00
3.139871247616061467e+01,1.467251009818475005e+00,7.047266153654656762e+01,2.000000000000000000e+00
4.161905810379109028e+01,4.977453436852174451e-01,1.963531180707126964e+02,2.000000000000000000e+00
4.528039408130739929e+01,1.105367942487817556e+00,1.576669179655326616e+02,1.000000000000000000e+00
1.355128447271534364e+00,1.312886261597035809e+00,-2.162563546715496887e+00,0.000000000000000000e+00
3.609612787320143212e+01,1.402970609401158253e+00,3.199416810102171382e+00,1.000000000000000000e+00
1.286667541953922900e+01,7.568064339437104993e-01,1.733669397610728780e+01,0.000000000000000000e+00
3.986827818711350169e+00,7.485203751384839066e-01,5.034980874566407039e+01,2.000000000000000000e+00
2.525954902976671335e+01,1.517750477947811261e+00,5.833119459911485194e+01,2.000000000000000000e+00
4.704207451528677097e+01,3.185085534859686263e-01,1.406489463568326528e+02,0.000000000000000000e+00
6.967041092234500077e+00,5.821084048409028711e-01,-3.213588455792373111e+01,1.000000000000000000e+00
7.977877705484445414e+00,1.037376519819633192e+00,4.218486657650792893e+00,0.000000000000000000e+00
8.821208564635364624e+00,1.295707499398834006e+00,6.160884301162923293e+01,2.000000000000000000e+00
3.141191631216923952e+01,1.538143239939915530e+00,2.369959759505033503e+01,2.000000000000000000e+00
4.176619117496481692e+01,1.192342217710324448e+00,1.640220762084591115e+02,2.000000000000000000e+00
3.772578379099814327e+01,1.537510453813506706e+00,4.536631293194706416e+01,2.000000000000000000e+00
4.198076850689874107e+01,9.861608159258412609e-01,1.422013321953594698e+02,1.000000000000000000e+00
1.500946646925326000e+01,3.809401800466559740e-01,8.524862579773555993e+00,0.000000000000000000e+00
3.467924522921358488e+01,6.790931676516321902e-01,1.220972909416576329e+02,0.000000000000000000e+00
3.963312213794235817e+01,5.334243234302674663e-01,1.546675980639491570e+02,2.000000000000000000e+00
3.742517177763685510e+01,1.412030025069235251e+00,3.222217834636660427e+01,1.000000000000000000e+00
2.739644140499973446e+01,1.076108834925348701e+00,7.547146389705088154e+01,2.000000000000000000e+00
1.628189648882415241e+01,3.667125949846528066e-01,-4.217581428040419667e+01,1.000000000000000000e+00
2.625545441130274327e+00,1.196653243722091808e+00,-2.834525856825042922e+01,1.000000000000000000e+00
3.517922754069169144e+01,5.922320609159107407e-01,8.397385255270455673e+01,1.000000000000000000e+00
4.565401542514633348e+01,1.528093714992718288e+00,3.578687027961838396e+01,2.000000000000000000e+00
3.547301865754313610e+01,8.117407062971986331e-01,1.335518174195763095e+02,0.000000000000000000e+00
3.196680303030527170e+01,1.070801850984763437e+00,5.881406246783687664e+01,1.000000000000000000e+00
5.152912360337573716e+00,3.660883346918537007e-01,-5.283060577512531353e+01,1.000000000000000000e+00
1.843698235983830003e+01,1.526511173610106464e+00,-5.924278124289903857e+00,0.000000000000000000e+00
2.218459262361663065e+01,1.400649199658409394e+00,-1.874511820953697949e+01,1.000000000000000000e+00
4.842498405209759937e+01,9.463131004244927924e-01,2.827780901562805411e+02,2.000000000000000000e+00
3.407565035576281787e+01,4.620916973280316808e-01,1.433311285397689403e+02,2.000000000000000000e+00
1.664677308480716178e+01,1.448741327788438449e+00,6.168050437429130284e+01,2.000000000000000000e+00
2.852900705866195352e+01,1.494124371590532796e+00,1.547284154828933112e+01,0.000000000000000000e+00
1.450646852633449058e+01,6.925591496042020623e-01,2.149550587056619122e+01,0.000000000000000000e+00
4.941851191417458722e+01,3.616601252272346745e-01,2.012970911957793021e+02,2.000000000000000000e+00
1.541052192549251210e+01,8.531721874956618157e-01,3.075333228588371881e+01,0.000000000000000000e+00
3.852156837297938097e+01,4.577560073507021543e-01,1.733551800249923645e+02,2.000000000000000000e+00
2.791873345562707343e+01,7.527637043498545122e-01,4.493584374706691165e+01,1.000000000000000000e+00
4.474797307671325797e+01,1.328254378235430133e+00,1.133996629996509711e+02,2.000000000000000000e+00
3.877494416945516775e+01,1.215209223565533403e+00,1.028493256161470271e+02,0.000000000000000000e+00
2.073179644918874587e+01,9.571450005555544038e-01,3.495480977435932601e+01,0.000000000000000000e+00
3.721607299330398178e+01,1.124628579358780911e+00,1.729664328376030085e+02,2.000000000000000000e+00
6.199901099537539650e+00,6.111872988335336210e-01,-2.169727281609844027e+01,1.000000000000000000e+00
1.856467993800078276e+01,6.494274610760790711e-01,5.778348764199306942e+01,2.000000000000000000e+00
5.936301665913232384e+00,1.138607858534372408e+00,1.722971409229176487e+01,2.000000000000000000e+00
2.923666520748236408e+01,3.453569582973399776e-01,6.022304164288916439e+01,0.000000000000000000e+00
2.347909362218581109e+01,1.087954507618459576e+00,1.073717394648599424e+02,2.000000000000000000e+00
4.271089780064247776e+01,7.492187113778825402e-01,2.043644934423719519e+02,2.000000000000000000e+00
1.625830238820931228e+01,1.072168771824498323e+00,8.095259130503535516e+01,2.000000000000000000e+00
1.914036378280286499e+01,1.064034671346784755e+00,6.355870412693604976e+01,2.000000000000000000e+00
1.558457839739443251e+01,8.886231891661610094e-01,1.441737118883950686e+01,0.000000000000000000e+00
1.610507730847805163e+01,7.952553425770576556e-01,5.910667922453322376e+01,2.000000000000000000e+00
3.157392251415449635e+01,1.085824619801933011e+00,1.373713905366013250e+02,2.000000000000000000e+00
3.459958422595629912e+01,4.595885914924709992e-01,1.387424639165894291e+02,2.000000000000000000e+00
1.580563485011355063e+01,3.469290828628270873e-01,6.350244006255394424e+01,2.000000000000000000e+00
4.438973667851122684e+00,6.977979511461553930e-01,5.560150319051362544e+01,2.000000000000000000e+00
5.359747227044644013e+00,9.574874712688502543e-01,-2.126584880650313281e+01,1.000000000000000000e+00
4.482197878020634363e+01,1.069165961122302555e+00,2.014431783460944416e+02,2.000000000000000000e+00
2.210032425102978948e+01,5.060696900096152140e-01,2.327121358491126557e+00,1.000000000000000000e+00
1.442061405454959733e+01,1.303143329725216404e+00,-4.615461126316786533e+01,1.000000000000000000e+00
7.313588903634182792e+00,3.884526609855129542e-01,-3.403350568243482144e+01,1.000000000000000000e+00
1.002184139280252628e+00,1.199438477650688784e+00,-2.746149344125221603e+01,1.000000000000000000e+00
3.658915658367303081e+01,8.011518075466643740e-01,1.761417823313392716e+02,2.000000000000000000e+00
4.627726631860201678e+01,1.248096068876638265e+00,1.634151482734537240e+02,2.000000000000000000e+00
2.476016023692549695e+01,4.101372638081939304e-01,3.060235646312309399e+01,1.000000000000000000e+00
4.295871158804409617e+01,5.518621100680115577e-01,2.204964500001986210e+02,2.000000000000000000e+00
1.708844955794935316e+01,6.083455746905881423e-01,7.374654375374851156e+01,2.000000000000000000e+00
3.444141247296380470e+01,9.990468172103764699e-01,6.274454102493074714e+01,1.000000000000000000e+00
2.956812014529326760e+01,3.183984336739154597e-01,-2.756708365583037335e+00,1.000000000000000000e+00
1.689443231087980379e+01,5.890949144385132508e-01,2.030003920864519529e+01,0.000000000000000000e+00
9.589033931645085218e+00,3.315114439073618691e-01,2.743173973177275471e+01,2.000000000000000000e+00
2.226176668841714701e+01,6.428462062536227650e-01,1.086205075754446625e+01,1.000000000000000000e+00
9.287734638679516763e-01,5.574742122385948351e-01,5.162079930158233765e+01,2.000000000000000000e+00
4.369805556548956638e+00,1.024806311269689241e+00,-3.399029076427397822e-01,0.000000000000000000e+00
3.693578022000768613e+01,5.463541342598529083e-01,1.020925914052524206e+02,1.000000000000000000e+00
4.559017583935942497e+01,6.038127948681647483e-01,2.505507167686913021e+02,2.000000000000000000e+00
6.338678161699479396e+00,1.002399331706445018e+00,1.840038466454020494e+01,2.000000000000000000e+00
3.465578921124577505e+01,7.016586678762688489e-01,1.660758576396841306e+02,2.000000000000000000e+00
2.104022939528101688e+01,7.600512147520543937e-01,1.361326224825251074e+01,1.000000000000000000e+00
4.614894026639267821e+01,8.578767201617508720e-01,2.117402740351427042e+02,0.000000000000000000e+00
4.337701133590551450e+01,5.845571971947276513e-01,1.636647269519295378e+02,1.000000000000000000e+00
4.745273726656132673e+00,1.197122755394790738e+00,1.168794117333545124e+01,2.000000000000000000e+00
3.161007163918481311e+01,9.089738687745118062e-01,1.452765718506847463e+02,2.000000000000000000e+00
1.222605647035636345e+01,1.069378419740050212e+00,5.707084564820880246e+01,2.000000000000000000e+00
6.077094021836811244e+00,1.108507875289600708e+00,6.104008967144959996e+01,2.000000000000000000e+00
3.291108727550058433e+01,6.232718926768454626e-01,1.245101782956135281e+02,2.000000000000000000e+00
3.857844905304332173e+01,1.088776749046565850e+00,1.796368594586965060e+02,2.000000000000000000e+00
1.876374249136346961e+01,1.000612746340915127e+00,-2.422207446741263936e+01,1.000000000000000000e+00
4.858717390990993579e+01,1.044294893396125579e+00,2.169125424364837613e+02,0.000000000000000000e+00
3.500162090864350262e+01,8.424296406372502322e-01,1.196940430205069390e+02,0.000000000000000000e+00
1.951860402601081645e+01,4.590871891040902986e-01,-1.121996150110444290e+01,1.000000000000000000e+00
3.806526799168115360e+01,8.711832890979293031e-01,1.154645646920525337e+02,1.000000000000000000e+00
3.021600178865442032e+01,1.077916676635016557e+00,6.900453636380952105e+01,0.000000000000000000e+00
1.990121406668459159e+01,6.049158262806397790e-01,-1.878308806575959267e+01,1.000000000000000000e+00
2.629849552685754333e+01,8.390766802628132348e-01,8.966172714403408861e+01,2.000000000000000000e+00
3.535122716377498620e+01,9.075045187648830280e-01,1.649756219227958809e+02,2.000000000000000000e+00
1.816387989511271073e+01,6.019192138398168357e-01,4.623543446251584754e+01,2.000000000000000000e+00
2.273204373919351440e+01,1.231739947575902105e+00,6.397149131495212515e+01,2.000000000000000000e+00
3.940255020428772958e+00,1.106316465266726556e+00,2.461266794374646594e+01,2.000000000000000000e+00
4.141206358053241843e+01,1.073274068140053439e+00,8.325718377282487381e+01,1.000000000000000000e+00
1.795361484702911170e+01,4.129772515827987989e-01,8.357517621455748724e+01,2.000000000000000000e+00
2.027619076712145230e+01,4.821947426027548556e-01,4.628989164015455771e+01,2.000000000000000000e+00
1.386308956987048724e+01,1.276627978768641203e+00,-5.010077680262460831e+01,1.000000000000000000e+00
2.839280858835761023e+01,5.144263099272395889e-01,8.830880423281860203e+01,2.000000000000000000e+00
4.603377585547706019e+01,6.956915239579267718e-01,2.640236679309170995e+02,2.000000000000000000e+00
5.934047654659856619e+00,6.257655104683634839e-01,1.573418109230944140e+01,2.000000000000000000e+00
4.473203649650526970e+00,1.349214255213725400e+00,1.583503209045014515e+01,2.000000000000000000e+00
2.555349610385193770e+01,3.385673805573152229e-01,2.447195374673325574e+01,1.000000000000000000e+00
8.322501254333408482e+00,7.140640200005086147e-01,-9.490526993901724495e-01,0.000000000000000000e+00
2.166282919871225587e+01,1.184650955114848969e+00,7.734463397443110466e+01,2.000000000000000000e+00
1.923906369234611446e+00,1.237903153368022924e+00,7.860783162020486436e+00,0.000000000000000000e+00
3.934243556476308612e+01,6.239274778366254992e-01,1.420699741716947528e+02,0.000000000000000000e+00
1.289765670623038929e+01,1.208989357799899356e+00,-4.465233598255126424e+01,1.000000000000000000e+00
2.723693649494354574e+01,8.049021300549826785e-01,8.087434531115350467e+01,0.000000000000000000e+00
2.133696278795062895e+01,1.382600488246411574e+00,-7.422809734388231107e+00,1.000000000000000000e+00
1.149007636592322079e+01,1.232005350636206531e+00,6.920420426920601642e+01,2.000000000000000000e+00
3.946446779472535127e+01,1.286706184956866394e+00,1.003987521239503025e+02,2.000000000000000000e+00
8.245505981300908616e+00,9.236298704284631178e-01,3.640735299582015472e+01,2.000000000000000000e+00
2.457045164214084920e+01,6.904367242877812449e-01,1.183653996823002217e+02,2.000000000000000000e+00
1.516362998116164462e+01,1.011520323447918646e+00,4.458318363364890047e+01,2.000000000000000000e+00
1.321226554681280696e+01,5.474752849012722855e-01,4.844893316429109120e+01,2.000000000000000000e+00
1.754969382356546603e+01,6.429062763857116281e-01,5.027805046561970670e+01,2.000000000000000000e+00
4.283257889842334976e+01,4.578316182197073037e-01,1.893070382262379781e+02,2.000000000000000000e+00
1.560121434836727516e+01,1.111603013952396246e+00,6.537705461740922885e+01,2.000000000000000000e+00
3.558544445781043919e+01,6.769332686197967464e-01,1.031398069259552130e+02,1.000000000000000000e+00
2.602094325821849452e+01,3.541819370005433454e-01,8.466994859359391512e+01,2.000000000000000000e+00
3.692274274337535189e+01,1.371164781345225681e+00,-7.723193921265107065e+00,1.000000000000000000e+00
5.573245486350144606e-01,7.240851821055069859e-01,1.130338869605072283e+01,2.000000000000000000e+00
2.127456772842846533e+01,3.825503142507725163e-01,8.608879894432544688e+01,2.000000000000000000e+00
2.600633188591387324e+01,7.582664858030644384e-01,4.049376058313329452e+01,1.000000000000000000e+00
7.989225781525748360e+00,8.636902844105855959e-01,-2.318901478864589905e+01,1.000000000000000000e+00
2.855530536265849761e+01,9.018309648010580659e-01,2.528649331743535811e+01,1.000000000000000000e+00
1.917130721347744782e+01,7.005048224576160276e-01,3.530594353801708252e+01,0.000000000000000000e+00
4.623636421129020846e+01,1.221008227430577353e+00,1.854426377436169560e+02,2.000000000000000000e+00
3.806009191172092443e+01,1.525805483406275975e+00,-1.810351582276276616e+01,1.000000000000000000e+00
2.893003390580863865e+01,4.415573796187418076e-01,1.157672553925803527e+01,1.000000000000000000e+00
3.706500725612057323e+01,7.678357943370381911e-01,1.511531655557810723e+02,2.000000000000000000e+00
1.081020214792700607e+00,1.180443674676439070e+00,6.223499426060169704e+00,0.000000000000000000e+00
4.074429170463523064e+01,8.211188719412405579e-01,1.441551734652526022e+02,1.000000000000000000e+00
4.948850599813913220e+01,1.344159668476475611e+00,9.937711368387061839e+01,0.000000000000000000e+00
8.301153915448159282e+00,1.184157593596351976e+00,-3.673386855293759368e+01,1.000000000000000000e+00
1.725199949008939981e+01,6.893701131075725685e-01,-1.087000504200241124e+01,1.000000000000000000e+00
2.483515429224859972e+01,1.353044303997338993e+00,2.476707502716451970e+01,0.000000000000000000e+00
4.025693783514645929e+01,9.694588241660038186e-01,9.364959085746301071e+01,1.000000000000000000e+00
5.294521623960838141e+00,1.115103895722919791e+00,-4.550410591815908390e+01,1.000000000000000000e+00
3.636129291673681507e+01,5.419142593921026929e-01,1.572630645837378438e+02,2.000000000000000000e+00
3.929339775709546245e+01,6.076962285684477383e-01,1.468641293501787004e+02,0.000000000000000000e+00
3.079987621745228310e+01,1.007328762136017630e+00,5.445139973232559782e+01,1.000000000000000000e+00
2.222019489052654961e+01,1.124496321033860102e+00,8.872462566876311030e+01,2.000000000000000000e+00
4.604721386305266151e+01,6.826594948996074219e-01,2.674017977260363637e+02,2.000000000000000000e+00
4.611750062564748731e+01,9.333679634567841887e-01,1.575775571838790938e+02,1.000000000000000000e+00
8.434715877318115673e+00,9.004788235281627751e-01,1.802669539000429211e+01,2.000000000000000000e+00
1.166526040776685491e+01,1.529728791850915925e+00,4.077740760466947023e+01,2.000000000000000000e+00
3.338982146448667088e+00,8.516630852195068435e-01,1.020527175443574208e+01,0.000000000000000000e+00
3.103443604327398742e+00,1.093449758564486674e+00,9.084597949313007348e+00,0.000000000000000000e+00
3.057092030771966762e+01,1.179735997101626133e+00,9.934818444369744839e+01,2.000000000000000000e+00
3.182579253531307373e+01,1.033918155417202112e+00,5.764987670426415889e+01,1.000000000000000000e+00
6.821386093064654155e-01,1.272906499062265384e+00,-5.083715253873747741e+01,1.000000000000000000e+00
2.059240782067244169e+01,1.104236611177624949e+00,4.143860557692712376e+01,0.000000000000000000e+00
3.287421200124642695e+01,6.446510291918461366e-01,1.693844743209738795e+02,2.000000000000000000e+00
3.201166516107394955e+01,1.319329364842959151e+00,7.042187496422215531e+01,2.000000000000000000e+00
3.935017102843001879e+01,1.473461719478635468e+00,1.912309970883583432e+01,1.000000000000000000e+00
6.123486950600120160e+00,1.494594141271622156e+00,-4.131639086318666187e+01,1.000000000000000000e+00
4.614853619833865395e+01,3.737330104108087525e-01,1.217129045188861198e+02,1.000000000000000000e+00
2.022038872329918746e+01,7.377021167114292677e-01,8.173953055500015807e+01,2.000000000000000000e+00
2.586386651818449423e+01,1.310548548230038746e+00,-1.131952613827095888e+00,1.000000000000000000e+00
2.170290104083640870e+01,4.489247652612120554e-01,1.327455917384092743e+01,1.000000000000000000e+00
2.368647179381610712e+01,5.679248319977540094e-01,6.357455014847870700e+01,2.000000000000000000e+00
3.847540400576257014e+00,6.137435490446103703e-01,-3.792375669072970368e+01,1.000000000000000000e+00
4.132699651498917603e+00,6.101592475351795830e-01,-3.100502993490907855e+01,1.000000000000000000e+00
3.565302884184741572e+01,7.779824091473309666e-01,7.459740850638993948e+01,1.000000000000000000e+00
4.195395411541473152e+01,1.304686143212782756e+00,5.759753739365609704e+01,1.000000000000000000e+00
1.745412222209374420e+01,1.099589859126440139e+00,-2.159040116725341463e+01,1.000000000000000000e+00
2.120133523856097213e+01,6.565671613183554634e-01,-9.638145697998389494e+00,1.000000000000000000e+00
6.805705626889017701e+00,1.113389332663222042e+00,3.249599921622626564e+00,0.000000000000000000e+00
3.695966023214765528e+00,1.014190752237928095e+00,3.614145675051921103e+01,2.000000000000000000e+00
3.674731272037342844e+00,1.471266901497273905e+00,-4.099123566648467687e+01,1.000000000000000000e+00
3.574239782615232741e+01,5.717636751858130584e-01,9.087548626285953901e+01,1.000000000000000000e+00
1.959042031169965625e+01,5.794973013221365044e-01,6.042585672740033687e+01,2.000000000000000000e+00
1.448049096869357300e+01,6.632682407211760722e-01,5.020167715669543895e+00,1.000000000000000000e+00
9.813836929249108110e+00,8.021107822325566072e-01,-5.124166325862793769e+01,1.000000000000000000e+00
1.412845788080778320e+01,1.434565878855930787e+00,-1.672279570618013977e+01,1.000000000000000000e+00
1.168872975020591198e+01,7.972731600486484549e-01,1.151881594882636151e+01,0.000000000000000000e+00
2.442248000575527200e+01,8.083699548030116588e-01,8.626429826012147828e+01,2.000000000000000000e+00
2.347433096140973774e+01,3.508085956932099903e-01,4.510692648950828954e+01,0.000000000000000000e+00
3.454918440965736437e+01,4.503986728382753935e-01,5.363616166633612181e+01,1.000000000000000000e+00
1.973183476302282102e+01,1.389616512410617011e+00,-1.034485039946013352e+01,1.000000000000000000e+00
4.811597349338263996e+01,1.108431088802419806e+00,2.180767746968782888e+02,2.000000000000000000e+00
4.593609078032743298e+01,8.106399093923029042e-01,1.758281615333996797e+02,1.000000000000000000e+00
3.379761169672156118e+00,1.032007571985271266e+00,-1.586845472718661121e+01,1.000000000000000000e+00
2.552175195270011088e+01,1.005306552745129034e+00,9.587969307705537858e+01,2.000000000000000000e+00
1.614098536001886330e+01,1.378979092048983501e+00,-3.809509437729890635e+01,1.000000000000000000e+00
2.853797893966365962e+01,5.232047802467629793e-01,1.449357887969914316e+01,1.000000000000000000e+00
4.509830459319835683e+01,7.074875600304844081e-01,2.674048109824440189e+02,2.000000000000000000e+00
1.290869958680442942e+01,1.178405339251626271e+00,2.380441343184055114e+01,2.000000000000000000e+00
1.968682881747238156e+00,1.378138841684478200e+00,9.207016882437432770e+00,0.000000000000000000e+00
4.154696225964053014e+01,4.957672323587477003e-01,1.034911468882941250e+02,1.000000000000000000e+00
2.022121662600436665e+01,8.035769276075611645e-01,4.581622783673466159e+01,0.000000000000000000e+00
4.313978659113963943e+01,8.779349586969007468e-01,1.865432008760864733e+02,0.000000000000000000e+00
2.291742496496037163e+01,1.060837683358113459e+00,1.018369550498260026e+02,2.000000000000000000e+00
2.258156447769836461e+01,7.366905302346780093e-01,4.791095990527021087e+01,0.000000000000000000e+00
4.772331394401665250e+01,1.433244001246662958e+00,1.152593886731941808e+01,1.000000000000000000e+00
1.117261749626838174e+01,4.982281747670285199e-01,-2.323955127180381197e+01,1.000000000000000000e+00
4.494413610430090955e+01,1.145118462034274476e+00,1.646132939701969065e+02,0.000000000000000000e+00
3.418837261791254889e+01,1.259025036596091773e+00,5.674662362197359755e+01,1.000000000000000000e+00
4.198901740931396631e+01,1.128239698619626363e+00,1.277112171829416809e+02,1.000000000000000000e+00
3.922872231048153413e+00,3.436083432121764814e-01,4.625341624762832993e+01,2.000000000000000000e+00
1.849633655706535507e+01,1.466372749593733760e+00,-2.026346555590124865e+01,1.000000000000000000e+00
5.492773857526399794e+00,4.633185990049543124e-01,3.911275189232794958e+01,2.000000000000000000e+00
1.561127692775233022e+01,8.789991319230707756e-01,6.023211286751408977e+01,2.000000000000000000e+00
4.126706901017346496e+01,4.272635961804396310e-01,1.213020880578891081e+02,0.000000000000000000e+00
4.282661047885024175e+01,1.159893085459712481e+00,1.161183721203008474e+02,1.000000000000000000e+00
8.626722305238983424e+00,3.419711716871247087e-01,-1.395844366943435233e+01,1.000000000000000000e+00
1.869979226989556409e+01,6.750520716591308368e-01,5.161175523585583846e+01,2.000000000000000000e+00
4.257205077195536802e+01,8.320396070340325689e-01,1.411260810258623906e+02,1.000000000000000000e+00
1.969060345875158191e+01,1.041202510402653658e+00,6.178431944387917696e+01,2.000000000000000000e+00
4.801325923892947856e+01,4.369650457356003548e-01,1.368258458333588123e+02,1.000000000000000000e+00
2.489609270750213810e+01,8.263238886384119963e-01,1.044303849406703364e+02,2.000000000000000000e+00
2.322878844549194710e+01,3.188741417516890997e-01,-1.426513906621993044e+01,1.000000000000000000e+00
2.481051256301619645e+01,1.034213096541152677e+00,-1.412200696743425965e+00,1.000000000000000000e+00
4.965035185984510946e+01,8.905083867393041031e-01,2.389618671794415263e+02,0.000000000000000000e+00
9.852866446230576614e+00,1.229681584859797283e+00,-1.605437187197824400e+01,1.000000000000000000e+00
1.170351031596026736e+01,8.958294574003928812e-01,1.408356886388099127e+01,0.000000000000000000e+00
3.409757140015158683e+01,8.641921601466968639e-01,1.021573294705916055e+02,1.000000000000000000e+00
3.193079985573172763e+01,8.099833668899629746e-01,9.976698058184143747e+01,0.000000000000000000e+00
3.357596020067413178e+01,6.517985094403462298e-01,8.830718464651394584e+01,1.000000000000000000e+00
3.288218623422790188e+01,1.528748694083591930e+00,-6.916986504554651916e+00,1.000000000000000000e+00
3.934492511070407517e+01,3.167955643736261595e-01,1.527864865112180723e+02,2.000000000000000000e+00
2.072815771498926196e+01,9.225362646126701316e-01,5.354943455019732568e+01,2.000000000000000000e+00
1.734147771924261150e+01,1.363618334829868939e+00,2.015378995028402898e-01,1.000000000000000000e+00
3.586125669499581647e+01,3.439119932547927694e-01,1.089062456397800105e+02,2.000000000000000000e+00
3.689706555793239318e+01,4.543484709498791241e-01,1.711969834095422698e+02,2.000000000000000000e+00
3.640386756264031476e+01,7.000760494112037158e-01,1.066923293876537855e+02,1.000000000000000000e+00
3.854556398614212753e+01,4.421301963256201728e-01,7.980144069967553833e+01,1.000000000000000000e+00
3.187195754105415801e+01,4.301613822413283272e-01,1.250501968749415056e+02,2.000000000000000000e+00
6.475162920548477530e+00,8.450130171128048540e-01,5.751014096147846288e+01,2.000000000000000000e+00
4.971615753358452849e+01,9.596802243436896029e-01,2.989805781334232506e+02,2.000000000000000000e+00
1.184469470510607536e+01,5.070788363592206860e-01,-3.492738735722674903e+01,1.000000000000000000e+00
8.518878008446693073e+00,6.881338654046287306e-01,6.730813965018847966e+01,2.000000000000000000e+00
4.034374626310770395e+01,1.240643285817421670e+00,1.143724148984083371e+02,2.000000000000000000e+00
1.215439123104735053e+01,1.256624526865983249e+00,-4.710315601136410635e+01,1.000000000000000000e+00
8.852676975245467261e+00,1.508808130766162714e+00,4.516520613954956076e+01,2.000000000000000000e+00
2.375286061325602915e+01,7.724156109753197441e-01,1.040323409955006895e+01,1.000000000000000000e+00
3.021097052594292975e+01,4.906248230549080658e-01,5.247138923507009167e+01,1.000000000000000000e+00
6.588780627506634957e+00,1.183563225328758683e+00,5.062011527083395634e+01,2.000000000000000000e+00
4.731794497840210667e+00,1.189288337664598849e+00,3.221737509427097024e+01,2.000000000000000000e+00
1.279821474489144517e+00,9.137376548081784788e-01,7.301716645912000869e-01,0.000000000000000000e+00
4.258883077237806702e+01,3.585410686735474028e-01,1.460086990571498404e+02,2.000000000000000000e+00
3.776420130752133986e+01,5.633456930772964277e-01,1.101813171555012616e+02,1.000000000000000000e+00
4.263191274933919317e+01,1.146711088748427532e+00,1.742715663551570060e+02,2.000000000000000000e+00
2.963492154312723059e+01,8.679428657040361150e-01,1.282434507676340729e+02,2.000000000000000000e+00
2.744516892518575890e+00,3.859083391881950043e-01,2.468026819485127366e+00,0.000000000000000000e+00
3.225521763338574033e+01,4.098766062965036872e-01,4.650584435703534325e+01,1.000000000000000000e+00
3.763848485216070117e+01,6.321620974318837849e-01,1.071710668653379628e+02,1.000000000000000000e+00
1.206930669776776988e+01,5.831769161807884849e-01,-2.770939952742765300e+01,1.000000000000000000e+00
6.678241636621144117e+00,1.120812319260680479e+00,1.686701959960400998e+01,2.000000000000000000e+00
4.275503836281282588e+01,3.969808815434792137e-01,1.801406952485529303e+02,2.000000000000000000e+00
2.488396371750191705e+01,1.033232620440134752e+00,7.267475432337164420e+01,2.000000000000000000e+00
2.794634401419192216e+01,1.266173669115645550e+00,2.887310623798320108e+01,1.000000000000000000e+00
3.719228800883458064e+01,5.741862304867437761e-01,1.297155802948724954e+02,0.000000000000000000e+00
2.270433095849574912e+01,7.769081863539071264e-01,7.014591844046741187e+00,1.000000000000000000e+00
2.892442061037475298e+01,1.296403385384762741e+00,-5.586413330804603561e+00,1.000000000000000000e+00
3.949715566328472249e+01,3.453901263186930359e-01,1.468420651584208940e+02,2.000000000000000000e+00
3.094103432311600343e+01,1.152164818668807378e+00,1.683437287329581267e+01,1.000000000000000000e+00
8.184764346435990490e+00,9.311672877860704967e-01,4.684120171589747628e+01,2.000000000000000000e+00
1.333035507680043708e+01,7.219246506400702756e-01,1.316033149969351967e+01,0.000000000000000000e+00
8.696796472521361565e+00,7.140275414300900625e-01,4.778707304965590907e+01,2.000000000000000000e+00
4.401635550472092717e+01,3.374741225503834485e-01,1.002922890437656918e+02,1.000000000000000000e+00
4.352520142188420493e+01,9.028878400181906683e-01,1.571930693516162876e+02,1.000000000000000000e+00
3.930281155299379492e+01,5.560236935825662030e-01,1.576593758049214102e+02,2.000000000000000000e+00
2.537932685017221957e+01,1.031251282190299934e+00,1.080031931367110190e+02,2.000000000000000000e+00
1.539676321621734445e+01,5.784382958916072237e-01,1.861247261686129306e+01,0.000000000000000000e+00
3.544480326283284910e+01,3.946202829791130018e-01,3.091871625736533247e+01,1.000000000000000000e+00
2.827189625694363784e+01,1.301519114069300542e+00,1.097879404253484381e+01,1.000000000000000000e+00
8.800825455495967731e+00,1.435271909082206365e+00,-4.489727127589636524e+01,1.000000000000000000e+00
3.773880918172289256e+01,3.194872150114816955e-01,7.146773433282592691e+01,1.000000000000000000e+00
4.647332424105817239e+01,1.032394308333928645e+00,2.009061521482494754e+02,0.000000000000000000e+00
3.669314865665150904e+01,1.469371458899701333e+00,3.950700122831742078e+01,2.000000000000000000e+00
4.090441240065027984e+01,5.012502381318209022e-01,8.502468759907000617e+01,1.000000000000000000e+00
1.630990560230114639e+01,1.494679365101207358e+00,-3.672124905829031150e+01,1.000000000000000000e+00
2.201415428002349017e+00,5.512776957130500755e-01,5.505006468074900283e+01,2.000000000000000000e+00
3.591840395431331956e+01,1.144455766485372505e+00,6.106773618235507683e+01,1.000000000000000000e+00
2.808348975804026182e+01,1.194723655599863044e+00,6.256942887796859054e+01,0.000000000000000000e+00
2.042720272211884236e+01,1.145468937597359238e+00,5.442514594480638834e+01,2.000000000000000000e+00
4.677016379070484220e+01,1.346224650566521852e+00,1.361645280120393977e+02,2.000000000000000000e+00
1.161610063707378515e+01,6.627880645163453099e-01,-4.542034970908027702e+01,1.000000000000000000e+00
9.836775279769531366e+00,5.226350176286426175e-01,-1.000063602670802965e+00,0.000000000000000000e+00
1.446992928341358464e+01,3.905764439579245684e-01,4.467186362676333999e+01,2.000000000000000000e+00
3.325467559682878260e+01,1.119010129399544029e+00,7.009407627942880481e+01,1.000000000000000000e+00
5.079040785879342046e+00,1.018504877445386869e+00,1.342267206909419741e+01,2.000000000000000000e+00
1.500402897610856812e+01,5.546491896873148031e-01,5.899416825606071768e+01,2.000000000000000000e+00
4.483401308632516447e+01,6.833895638925790994e-01,1.875078029962625124e+02,1.000000000000000000e+00
4.356279668814708117e+01,8.337984017485433608e-01,2.197520734172021548e+02,2.000000000000000000e+00
4.699825401242956957e+01,1.154615032629431326e+00,2.252874944920892517e+02,2.000000000000000000e+00
4.812220932762232906e+01,4.246716463130181252e-01,2.050832148257965173e+02,2.000000000000000000e+00
4.499145462269667917e+01,7.720440163037212145e-01,2.279597243377872360e+02,2.000000000000000000e+00
1.102761141457991556e+01,7.868429319102141495e-01,7.529899767408673483e+01,2.000000000000000000e+00
3.643110004234533505e+01,8.055172599664498501e-01,1.841185615243404072e+02,2.000000000000000000e+00
6.574017666460665765e+00,1.116897444220958047e+00,6.158753026423489274e+01,2.000000000000000000e+00
3.239545894015608951e+01,1.030875010438805806e+00,1.509613014099133466e+02,2.000000000000000000e+00
3.748310117472029646e+01,3.985270621038823902e-01,8.194332403437539369e+01,1.000000000000000000e+00
3.736961369862634541e+01,4.824166797795366168e-01,1.465767026793261891e+02,2.000000000000000000e+00
8.854644561353758547e+00,4.112231708211754877e-01,2.120535105046165825e+01,2.000000000000000000e+00
1.912907884577932904e+01,1.284495206134627310e+00,5.823611142603881774e+01,2.000000000000000000e+00
4.245470862980594617e+00,1.443794202508365432e+00,4.816824287929556903e+01,2.000000000000000000e+00
4.383672154609692484e+01,3.786004114916542984e-01,1.036951365536414329e+02,1.000000000000000000e+00
4.822215802105851168e+01,6.086852652583999435e-01,1.686505076236062450e+02,1.000000000000000000e+00
2.341159570050167105e+01,5.675986580924545777e-01,5.456293839546996338e+01,0.000000000000000000e+00
7.245276553171208889e+00,1.088650106243661542e+00,-3.808817920505713062e+01,1.000000000000000000e+00
4.265777082467000980e+01,7.578025840158473247e-01,1.789776452442281993e+02,0.000000000000000000e+00
3.594841102065088556e+00,1.143323132797957165e+00,-3.372384580134028198e+01,1.000000000000000000e+00
3.201874503171192288e+01,1.384474379510884479e+00,5.205738243851885727e+01,2.000000000000000000e+00
1.272943596925346910e+01,9.244750430370624050e-01,3.793744066773269452e+01,2.000000000000000000e+00
4.961652208892492411e+01,5.628569870992160551e-01,2.309127076324954260e+02,0.000000000000000000e+00
2.328921612354789517e+01,6.591635648757658839e-01,-8.335877913006740414e+00,1.000000000000000000e+00
1.181158114124317393e+01,7.396617384829953235e-01,2.758953577946696711e+01,2.000000000000000000e+00
4.980427589905716701e+01,1.115046271160180069e+00,2.084513628230822633e+02,0.000000000000000000e+00
3.340626642936324942e+01,1.430976640357848773e+00,6.738702154521759269e+01,2.000000000000000000e+00
3.847326365430203055e+01,1.014181800364855501e+00,1.935967397196492357e+02,2.000000000000000000e+00
4.050845856117168609e+01,5.692202506515389171e-01,9.973930747063310776e+01,1.000000000000000000e+00
2.304425033312412197e+01,1.070657419311702441e+00,9.599588523764545300e+01,2.000000000000000000e+00
2.167155040609430472e+01,1.520262506373124101e+00,1.124373037828832622e+01,0.000000000000000000e+00
4.086127873909972408e+01,1.123955658716906392e+00,1.942920824910773092e+02,2.000000000000000000e+00
4.517426137813870923e+01,1.433302232316732594e+00,4.074305903750430957e+01,1.000000000000000000e+00
4.352761823236433258e+01,1.022131725777451372e+00,1.312202909506908100e+02,1.000000000000000000e+00
6.187950212720364718e+00,1.462924266924708450e+00,5.517390616403746151e+01,2.000000000000000000e+00
3.784173359573673423e+01,8.311876320933780926e-01,1.979765388409640821e+02,2.000000000000000000e+00
2.837012212683511692e+01,1.338853863190107019e+00,-2.434308977974698252e+01,1.000000000000000000e+00
3.612593194492490056e+01,1.451955153328788217e+00,2.781177858664435831e+01,0.000000000000000000e+00
1.268609744737925915e+01,1.294863955295889379e+00,-1.750096831599235969e+01,1.000000000000000000e+00
2.168738743002551317e+01,6.141085505956531687e-01,7.654319304881688879e+00,1.000000000000000000e+00
1.919164493262967497e+01,8.612412318095650221e-01,1.900132055238857731e+01,1.000000000000000000e+00
4.569623574148980794e+01,1.214455444270934326e+00,9.984731597708096729e+01,1.000000000000000000e+00
1.407884244275857233e+00,1.398925351580710075e+00,-5.377899812201956564e+01,1.000000000000000000e+00
9.513724383691286590e+00,6.664231066964276806e-01,5.171806723963901220e+01,2.000000000000000000e+00
9.564079811756997174e+00,6.758861638193702781e-01,5.940552626940966263e+01,2.000000000000000000e+00
2.470150611832109178e+01,5.550499754425146648e-01,5.218355365088289943e+01,0.000000000000000000e+00
4.817379106162941582e+01,4.308616980211324443e-01,2.235841081529431449e+02,2.000000000000000000e+00
1.148027518186263762e+01,6.843217657446198920e-01,6.620841082174155190e+01,2.000000000000000000e+00
2.774149123948798490e+01,6.652486592608573002e-01,1.338129084208707980e+02,2.000000000000000000e+00
2.220596121813695234e+01,6.435222655166621397e-01,5.266737488993336314e+01,0.000000000000000000e+00
2.001581679183319906e+01,1.344161420639849114e+00,-2.133935023545738829e+01,1.000000000000000000e+00
4.076259616766581217e+01,9.661321201435134620e-01,1.252433509101293225e+02,1.000000000000000000e+00
1.559956856507634271e+00,7.136283384708401734e-01,-5.572585690978461059e+01,1.000000000000000000e+00
1.000150682603563990e+00,5.692380894720334705e-01,5.876994992023831088e+01,2.000000000000000000e+00
3.136616776105501359e+01,9.191843373575058207e-01,5.874493741899004107e+01,1.000000000000000000e+00
4.605344212868831733e+01,1.212508153244489906e+00,1.628837432749233471e+02,2.000000000000000000e+00
8.141213882483102626e-01,4.789123512211661549e-01,3.849655641145971430e+01,2.000000000000000000e+00
3.325206252974322751e+01,4.016366538729465585e-01,1.273869619897368750e+02,2.000000000000000000e+00
2.205982440511161613e+01,6.408243625507061836e-01,9.906435672375140200e+01,2.000000000000000000e+00
1.351128660929315117e+01,9.085360926272986193e-01,6.580879261641129574e+01,2.000000000000000000e+00
3.215468027132374118e+01,7.775548855432012907e-01,1.320389103595261417e+02,2.000000000000000000e+00
3.437999510240286583e+01,7.332320643896731438e-01,1.524371179095836624e+02,2.000000000000000000e+00
2.919994492760852722e+01,7.157393851009393737e-01,8.495067920543097273e+01,0.000000000000000000e+00
4.968004204142217617e+01,3.193398345146918893e-01,9.905687881453076216e+01,1.000000000000000000e+00
1.304503362253468168e+01,1.306124997676919364e+00,-9.291692962445491588e+00,1.000000000000000000e+00
3.125405987630241356e+01,1.353624146246478421e+00,6.980405831941860129e+01,2.000000000000000000e+00
3.596497038763045140e+01,9.807558602339513376e-01,1.767610630567959902e+02,2.000000000000000000e+00
3.508672493183946273e+01,1.193550941493619399e+00,1.087758668774652335e+02,2.000000000000000000e+00
4.319344264259056132e+01,5.214639051161762406e-01,1.512875140588823797e+02,1.000000000000000000e+00
9.063372126602546430e+00,1.310870456686207497e+00,-4.889743589015985492e+01,1.000000000000000000e+00
3.078947950881051909e+01,5.319214689918643213e-01,1.252225310164877499e+02,2.000000000000000000e+00
2.411005749259581776e+01,1.537923777818803961e+00,3.010021961265460888e+01,2.000000000000000000e+00
3.671614400834733516e+01,9.705731418232710350e-01,1.907342244639389151e+02,2.000000000000000000e+00
4.043196197176883544e+01,8.436946351322268667e-01,2.000128714973885735e+02,2.000000000000000000e+00
2.998725943688801010e+01,1.039553052825442858e+00,6.856965998698569820e+01,1.000000000000000000e+00
2.187976114650122028e+01,4.017377372553099235e-01,3.666905675255309660e+01,0.000000000000000000e+00
1.605401489904528844e+01,1.518416074250604986e+00,4.550679217386139896e+00,0.000000000000000000e+00
1.418353493940714927e+01,9.530904233223325139e-01,7.379673459769011856e+01,2.000000000000000000e+00
2.984204039694825639e+01,1.390747780050413329e+00,5.866225280207005710e+01,2.000000000000000000e+00
5.179661607755753572e+00,3.736170250501548162e-01,-2.213086620560754625e+01,1.000000000000000000e+00
3.071058004925689033e+00,6.424349204864796548e-01,-6.204650968010562195e+01,1.000000000000000000e+00
2.497322154916519210e+01,1.359607937158858970e+00,5.523368572100567064e+01,2.000000000000000000e+00
7.950698008550141971e+00,1.080791389756473597e+00,-1.394247898738379732e+01,1.000000000000000000e+00
2.474333062522269699e+01,1.162806383408828248e+00,2.098713460062519687e+01,1.000000000000000000e+00
3.622964190385885530e+01,1.077319558823597756e+00,7.269248795273024655e+01,1.000000000000000000e+00
2.362235578444036221e+01,8.685507309713605961e-01,7.513102471634262258e+00,1.000000000000000000e+00
3.882623340379252141e+01,5.981701094816314068e-01,9.915963099165905703e+01,1.000000000000000000e+00
3.927925415166994583e+01,6.819542630358560453e-01,1.230859068849000835e+02,1.000000000000000000e+00
1.698563185546951360e+01,1.178972990449595359e+00,4.614689049773843976e+01,2.000000000000000000e+00
6.484248114072642011e+00,1.178453628181577839e+00,2.551365682682795111e+01,2.000000000000000000e+00
1.154597491338486881e+00,4.812263352087969293e-01,-1.015633770875625963e+01,1.000000000000000000e+00
4.344587416792591483e+01,7.485182326039823142e-01,1.722381301473151893e+02,1.000000000000000000e+00
7.642264089216619816e+00,3.146162877074414888e-01,6.695914712828886195e+01,2.000000000000000000e+00
1.791771264973908373e+01,4.218551357925838241e-01,4.060771364087764823e+01,2.000000000000000000e+00
1.191107890585070450e+01,1.529878265651273272e+00,-1.260125110136900517e+01,1.000000000000000000e+00
4.770183372215566919e+01,5.614634253729520186e-01,2.592161084856021489e+02,2.000000000000000000e+00
8.205460125075319411e+00,1.535281248200329518e+00,4.832667124384385460e+01,2.000000000000000000e+00
3.044402392262678703e+01,1.128671199886380538e+00,1.080495225135488511e+02,2.000000000000000000e+00
2.683753344003952535e+01,9.869686044430154848e-01,1.053890906127732592e+02,2.000000000000000000e+00
3.159733826347375896e+01,4.670523833402057123e-01,6.719249830765539855e+01,1.000000000000000000e+00
2.293492553167346415e+01,6.269297817872545586e-01,3.618739074104814790e+01,1.000000000000000000e+00
2.532075555825096203e+01,6.221046645375010176e-01,7.403800086638460698e+01,2.000000000000000000e+00
4.888106016197281889e+01,1.212097286934772367e+00,1.606511158178032588e+02,0.000000000000000000e+00
3.924724273135927533e+00,1.114976055786810027e+00,-3.472524247412211196e+01,1.000000000000000000e+00
4.659213565137897461e+01,4.381187488844977551e-01,1.636219920192246207e+02,0.000000000000000000e+00
4.002601998917619142e+00,1.294372908123688770e+00,1.868438997135169588e+00,0.000000000000000000e+00
4.350915427453522710e+01,1.205008338639526055e+00,1.056670503217471406e+02,1.000000000000000000e+00
3.625737333077215130e+00,8.439377596404078474e-01,-6.887918285922387085e+00,0.000000000000000000e+00
9.265038142145391120e+00,1.093058872727418418e+00,-4.464453620433576475e+01,1.000000000000000000e+00
5.771911904675498306e+00,1.377015927801305439e+00,3.717639596853135942e+01,2.000000000000000000e+00
2.939332853395772460e+01,4.190340158136746096e-01,1.122521860458159892e+02,2.000000000000000000e+00
4.454514231250420409e+01,1.352520927073072032e+00,1.014575897952745862e+02,2.000000000000000000e+00
1.123042979868639879e+00,6.690720815426920431e-01,-7.628238954653294712e+00,0.000000000000000000e+00
1.441119068057282071e+01,5.887213945744490529e-01,4.522902299109743751e+01,2.000000000000000000e+00
4.967588908419273253e+01,7.778051528760976385e-01,2.417076931016475214e+02,0.000000000000000000e+00
4.320561673593911678e+01,3.436688037819059516e-01,1.556057150476627839e+02,2.000000000000000000e+00
1.241456431055021525e+01,1.348095614165218281e+00,6.185381701966790757e+01,2.000000000000000000e+00
4.438043136321076076e+01,5.001458534255365240e-01,1.400408343516787397e+02,1.000000000000000000e+00
3.956521541047388979e+01,1.269952774044251109e+00,1.162302588357595994e+02,2.000000000000000000e+00
4.645806642258219910e+01,1.480982953483421571e+00,5.323678396077510655e+01,2.000000000000000000e+00
4.605439464849823139e+00,8.753315189567804078e-01,-1.530019012910108778e+01,1.000000000000000000e+00
4.855651932871198539e+01,1.024128402830088991e+00,2.594023281012547955e+02,2.000000000000000000e+00
6.223562519207846755e+00,1.308629961261432939e+00,-2.365942326711180499e+01,1.000000000000000000e+00
1.758635126051130015e+01,1.367924414264981792e+00,6.973950040170967668e+01,2.000000000000000000e+00
3.681239756267170549e+01,4.468255746587845856e-01,5.845681719242006835e+01,1.000000000000000000e+00
2.793600372343226113e+01,1.048074164382368778e+00,1.030246691438561442e+02,2.000000000000000000e+00
2.441685955597044355e+01,1.008540928050054131e+00,3.661618979185696787e+01,1.000000000000000000e+00
3.413398787259215794e+01,4.574248545179731007e-01,1.103216211239472528e+02,2.000000000000000000e+00
4.151707884392289571e+01,7.778164733041710299e-01,2.251128341484383384e+02,2.000000000000000000e+00
4.617260709568039800e+01,1.304284010499923596e+00,5.870985607801431883e+01,1.000000000000000000e+00
2.740169196851408984e+01,9.868484358466991235e-01,8.436425842584125689e+01,2.000000000000000000e+00
1.069324280153023210e+01,8.691939803002465270e-01,-1.391544056305252752e+01,1.000000000000000000e+00
1.756850089142242943e+00,4.590537789713439176e-01,6.195510158657595134e+00,0.000000000000000000e+00
1.646018270869406663e+01,6.723201729923962144e-01,1.331818464506227073e+01,1.000000000000000000e+00
2.786333504972899178e+01,1.469025382098098298e+00,1.563497209215034189e+01,0.000000000000000000e+00
5.788111900235770158e+00,5.940279113664364008e-01,7.376181773176428536e+00,0.000000000000000000e+00
2.812842962494056920e+01,6.917963839172754925e-01,6.839019099844384186e+01,1.000000000000000000e+00
1.395399844746918738e+01,9.114755676496225645e-01,6.017149762887704867e+01,2.000000000000000000e+00
4.064893007294283223e+01,7.256657861546709221e-01,2.040797631520038635e+02,2.000000000000000000e+00
3.630792532451747689e+01,3.400481495609910532e-01,7.886232986396879596e+01,0.000000000000000000e+00
2.785500825928914637e+01,1.032384015798828880e+00,4.956664413077523790e+01,1.000000000000000000e+00
3.141623018232267306e+00,7.138461553992300201e-01,-5.222487919807524293e+01,1.000000000000000000e+00
1.484815972653398264e+00,1.475611291025438865e+00,-1.024200236606321823e+01,1.000000000000000000e+00
1.789441589088051643e+01,1.041587168234595406e+00,7.668762708413373730e+01,2.000000000000000000e+00
9.862335566008585630e+00,5.029408927397406304e-01,-1.573897834626631997e+01,1.000000000000000000e+00
4.199430170495564596e+01,1.130588544816822250e+00,1.140158578429091278e+02,1.000000000000000000e+00
4.546066399337529873e+00,8.547795620842910669e-01,-1.192971174763442299e+01,1.000000000000000000e+00
1.262777732407922038e+01,5.777798326483103430e-01,3.584758757504174298e+01,2.000000000000000000e+00
4.557183767910976790e+00,1.476457230635301876e+00,1.543381671702200464e+01,2.000000000000000000e+00
5.847744270991674931e-01,8.837264558634103651e-01,3.922852743020852984e+01,2.000000000000000000e+00
3.110230623772212155e+01,1.355229551487335371e+00,1.377611545691475925e+01,1.000000000000000000e+00
1.255048802141180175e+01,6.513233287307942376e-01,-9.841809196408810578e-01,1.000000000000000000e+00
9.547852207007020198e+00,1.375958885847730295e+00,2.688352354304613101e+01,2.000000000000000000e+00
4.094934575843991809e+01,7.960283523021753904e-01,1.739614466853746535e+02,0.000000000000000000e+00
2.684185797546783547e+01,1.221205420513632234e+00,1.035299992709636285e+02,2.000000000000000000e+00
2.340110746081119686e+00,8.099967915070307445e-01,3.303005035714690507e+01,2.000000000000000000e+00
3.791042222677130979e+01,1.409856492873079015e+00,5.749669350522062672e+01,2.000000000000000000e+00
1.901983011913167321e+00,4.884815619370144191e-01,1.778834032814694766e+01,2.000000000000000000e+00
2.904097835664735072e+01,1.410844151390252765e+00,1.978623673744766975e+01,0.000000000000000000e+00
4.684396550718459196e+01,5.266036482175058264e-01,1.352797059110536111e+02,1.000000000000000000e+00
2.616732173641746684e+01,8.685254382840891241e-01,2.612084605668372461e+01,1.000000000000000000e+00
2.491072517852271417e+01,1.291267923107181081e+00,3.235887097284901870e+00,1.000000000000000000e+00
2.610907220598507905e+01,1.515797881673881742e+00,3.727717745641248115e+01,2.000000000000000000e+00
3.637464297281233883e+01,1.006132247688764636e+00,1.311567270398833784e+02,0.000000000000000000e+00
4.012047767024670719e+01,9.769372869030423789e-01,1.559951950089486559e+02,0.000000000000000000e+00
9.814873785246234661e+00,1.068586197973363738e+00,4.913938394641417062e+01,2.000000000000000000e+00
2.920586744049438721e+01,1.479939676836762308e+00,1.394995880745632633e+01,0.000000000000000000e+00
4.977662132178132737e+01,6.453532507675880936e-01,2.521379684232410057e+02,0.000000000000000000e+00
3.256964308449084911e+01,1.017329170481822143e+00,4.350110621964412871e+01,1.000000000000000000e+00
4.722978563346158154e+01,1.345118766930073262e+00,1.272435367494226881e+02,2.000000000000000000e+00
4.141290470509687793e+01,1.418466309184145402e+00,6.452214788688999647e+01,2.000000000000000000e+00
4.659627778749290172e+01,7.053796122325445284e-01,2.246302766131094586e+02,0.000000000000000000e+00
3.991049113943709870e+01,4.627586443971666297e-01,1.892678529563069674e+02,2.000000000000000000e+00
